TITLE,櫃檯買賣轉(交)換公司債期間利息對照表
DATADATE,年份:101年
BODY,發行公司,富喬二
BODY,轉換公司債名稱,富喬二
BODY,轉換公司債代號,18152
BODY,發行日期,970815
BODY,票面利率,3
BODY,計算週期, 12個月
BODY,債息計算起始日,1001012
BODY,債息基準日,0
BODY,日期/月份,10101,10102,10103,10104,10105,10106,10107,10108,10109,10110,10111,10112
BODY,01,1.1424,1.3972,0.1232,0.3780,0.6246,0.8794,1.1260,1.3808,0.1397,0.3863,0.6410,0.8876
BODY,02,1.1506,1.4054,0.1315,0.3863,0.6328,0.8876,1.1342,1.3890,0.1479,0.3945,0.6493,0.8958
BODY,03,1.1589,1.4136,0.1397,0.3945,0.6410,0.8958,1.1424,1.3972,0.1561,0.4027,0.6575,0.9041
BODY,04,1.1671,1.4219,0.1479,0.4027,0.6493,0.9041,1.1506,1.4054,0.1643,0.4109,0.6657,0.9123
BODY,05,1.1753,1.4301,0.1561,0.4109,0.6575,0.9123,1.1589,1.4136,0.1726,0.4191,0.6739,0.9205
BODY,06,1.1835,1.4383,0.1643,0.4191,0.6657,0.9205,1.1671,1.4219,0.1808,0.4273,0.6821,0.9287
BODY,07,1.1917,1.4465,0.1726,0.4273,0.6739,0.9287,1.1753,1.4301,0.1890,0.4356,0.6904,0.9369
BODY,08,1.2000,1.4547,0.1808,0.4356,0.6821,0.9369,1.1835,1.4383,0.1972,0.4438,0.6986,0.9452
BODY,09,1.2082,1.4630,0.1890,0.4438,0.6904,0.9452,1.1917,1.4465,0.2054,0.4520,0.7068,0.9534
BODY,10,1.2164,1.4712,0.1972,0.4520,0.6986,0.9534,1.2000,1.4547,0.2136,0.4602,0.7150,0.9616
BODY,11,1.2246,1.4794,0.2054,0.4602,0.7068,0.9616,1.2082,1.4630,0.2219,0.4684,0.7232,0.9698
BODY,12,1.2328,1.4876,0.2136,0.4684,0.7150,0.9698,1.2164,1.4712,0.2301,0.4767,0.7315,0.9780
BODY,13,1.2410,1.4958,0.2219,0.4767,0.7232,0.9780,1.2246,1.4794,0.2383,0.4849,0.7397,0.9863
BODY,14,1.2493,1.5041,0.2301,0.4849,0.7315,0.9863,1.2328,1.4876,0.2465,0.4931,0.7479,0.9945
BODY,15,1.2575,1.5123,0.2383,0.4931,0.7397,0.9945,1.2410,1.4958,0.2547,0.5013,0.7561,1.0027
BODY,16,1.2657,0.0082,0.2465,0.5013,0.7479,1.0027,1.2493,0.0082,0.2630,0.5095,0.7643,1.0109
BODY,17,1.2739,0.0164,0.2547,0.5095,0.7561,1.0109,1.2575,0.0164,0.2712,0.5178,0.7726,1.0191
BODY,18,1.2821,0.0246,0.2630,0.5178,0.7643,1.0191,1.2657,0.0246,0.2794,0.5260,0.7808,1.0273
BODY,19,1.2904,0.0328,0.2712,0.5260,0.7726,1.0273,1.2739,0.0328,0.2876,0.5342,0.7890,1.0356
BODY,20,1.2986,0.0410,0.2794,0.5342,0.7808,1.0356,1.2821,0.0410,0.2958,0.5424,0.7972,1.0438
BODY,21,1.3068,0.0493,0.2876,0.5424,0.7890,1.0438,1.2904,0.0493,0.3041,0.5506,0.8054,1.0520
BODY,22,1.3150,0.0575,0.2958,0.5506,0.7972,1.0520,1.2986,0.0575,0.3123,0.5589,0.8136,1.0602
BODY,23,1.3232,0.0657,0.3041,0.5589,0.8054,1.0602,1.3068,0.0657,0.3205,0.5671,0.8219,1.0684
BODY,24,1.3315,0.0739,0.3123,0.5671,0.8136,1.0684,1.3150,0.0739,0.3287,0.5753,0.8301,1.0767
BODY,25,1.3397,0.0821,0.3205,0.5753,0.8219,1.0767,1.3232,0.0821,0.3369,0.5835,0.8383,1.0849
BODY,26,1.3479,0.0904,0.3287,0.5835,0.8301,1.0849,1.3315,0.0904,0.3452,0.5917,0.8465,1.0931
BODY,27,1.3561,0.0986,0.3369,0.5917,0.8383,1.0931,1.3397,0.0986,0.3534,0.6000,0.8547,1.1013
BODY,28,1.3643,0.1068,0.3452,0.6000,0.8465,1.1013,1.3479,0.1068,0.3616,0.6082,0.8630,1.1095
BODY,29,1.3726,0.1150,0.3534,0.6082,0.8547,1.1095,1.3561,0.1150,0.3698,0.6164,0.8712,1.1178
BODY,30,1.3808,0.0000,0.3616,0.6164,0.8630,1.1178,1.3643,0.1232,0.3780,0.6246,0.8794,1.1260
BODY,31,1.3890,0.0000,0.3698,0.0000,0.8712,0.0000,1.3726,0.1315,0.0000,0.6328,0.0000,1.1342
BODY,發行公司,昆盈一
BODY,轉換公司債名稱,昆盈一
BODY,轉換公司債代號,23651
BODY,發行日期,990422
BODY,票面利率,1.5
BODY,計算週期, 12個月
BODY,債息計算起始日,990422
BODY,債息基準日,
BODY,日期/月份,10101,10102,10103,10104,10105,10106,10107,10108,10109,10110,10111,10112
BODY,01,1.0450,1.1721,1.2909,1.4180,0.0410,0.1684,0.2917,0.4191,0.5465,0.6698,0.7972,0.9205
BODY,02,1.0491,1.1762,1.2950,1.4221,0.0452,0.1726,0.2958,0.4232,0.5506,0.6739,0.8013,0.9246
BODY,03,1.0532,1.1803,1.2991,1.4262,0.0493,0.1767,0.3000,0.4273,0.5547,0.6780,0.8054,0.9287
BODY,04,1.0573,1.1844,1.3032,1.4303,0.0534,0.1808,0.3041,0.4315,0.5589,0.6821,0.8095,0.9328
BODY,05,1.0614,1.1885,1.3073,1.4344,0.0575,0.1849,0.3082,0.4356,0.5630,0.6863,0.8136,0.9369
BODY,06,1.0655,1.1926,1.3114,1.4385,0.0616,0.1890,0.3123,0.4397,0.5671,0.6904,0.8178,0.9410
BODY,07,1.0696,1.1967,1.3155,1.4426,0.0657,0.1931,0.3164,0.4438,0.5712,0.6945,0.8219,0.9452
BODY,08,1.0737,1.2008,1.3196,1.4467,0.0698,0.1972,0.3205,0.4479,0.5753,0.6986,0.8260,0.9493
BODY,09,1.0778,1.2049,1.3237,1.4508,0.0739,0.2013,0.3246,0.4520,0.5794,0.7027,0.8301,0.9534
BODY,10,1.0819,1.2090,1.3278,1.4549,0.0780,0.2054,0.3287,0.4561,0.5835,0.7068,0.8342,0.9575
BODY,11,1.0860,1.2131,1.3319,1.4590,0.0821,0.2095,0.3328,0.4602,0.5876,0.7109,0.8383,0.9616
BODY,12,1.0901,1.2172,1.3360,1.4631,0.0863,0.2136,0.3369,0.4643,0.5917,0.7150,0.8424,0.9657
BODY,13,1.0942,1.2213,1.3401,1.4672,0.0904,0.2178,0.3410,0.4684,0.5958,0.7191,0.8465,0.9698
BODY,14,1.0983,1.2254,1.3442,1.4713,0.0945,0.2219,0.3452,0.4726,0.6000,0.7232,0.8506,0.9739
BODY,15,1.1024,1.2295,1.3483,1.4754,0.0986,0.2260,0.3493,0.4767,0.6041,0.7273,0.8547,0.9780
BODY,16,1.1065,1.2336,1.3524,1.4795,0.1027,0.2301,0.3534,0.4808,0.6082,0.7315,0.8589,0.9821
BODY,17,1.1106,1.2377,1.3565,1.4836,0.1068,0.2342,0.3575,0.4849,0.6123,0.7356,0.8630,0.9863
BODY,18,1.1147,1.2418,1.3606,1.4877,0.1109,0.2383,0.3616,0.4890,0.6164,0.7397,0.8671,0.9904
BODY,19,1.1188,1.2459,1.3647,1.4918,0.1150,0.2424,0.3657,0.4931,0.6205,0.7438,0.8712,0.9945
BODY,20,1.1229,1.2500,1.3688,1.4959,0.1191,0.2465,0.3698,0.4972,0.6246,0.7479,0.8753,0.9986
BODY,21,1.1270,1.2540,1.3729,1.5000,0.1232,0.2506,0.3739,0.5013,0.6287,0.7520,0.8794,1.0027
BODY,22,1.1311,1.2581,1.3770,0.0041,0.1273,0.2547,0.3780,0.5054,0.6328,0.7561,0.8835,1.0068
BODY,23,1.1352,1.2622,1.3811,0.0082,0.1315,0.2589,0.3821,0.5095,0.6369,0.7602,0.8876,1.0109
BODY,24,1.1393,1.2663,1.3852,0.0123,0.1356,0.2630,0.3863,0.5136,0.6410,0.7643,0.8917,1.0150
BODY,25,1.1434,1.2704,1.3893,0.0164,0.1397,0.2671,0.3904,0.5178,0.6452,0.7684,0.8958,1.0191
BODY,26,1.1475,1.2745,1.3934,0.0205,0.1438,0.2712,0.3945,0.5219,0.6493,0.7726,0.9000,1.0232
BODY,27,1.1516,1.2786,1.3975,0.0246,0.1479,0.2753,0.3986,0.5260,0.6534,0.7767,0.9041,1.0273
BODY,28,1.1557,1.2827,1.4016,0.0287,0.1520,0.2794,0.4027,0.5301,0.6575,0.7808,0.9082,1.0315
BODY,29,1.1598,1.2868,1.4057,0.0328,0.1561,0.2835,0.4068,0.5342,0.6616,0.7849,0.9123,1.0356
BODY,30,1.1639,0.0000,1.4098,0.0369,0.1602,0.2876,0.4109,0.5383,0.6657,0.7890,0.9164,1.0397
BODY,31,1.1680,0.0000,1.4139,0.0000,0.1643,0.0000,0.4150,0.5424,0.0000,0.7931,0.0000,1.0438
BODY,發行公司,昆盈二
BODY,轉換公司債名稱,昆盈二
BODY,轉換公司債代號,23652
BODY,發行日期,990423
BODY,票面利率,2
BODY,計算週期, 12個月
BODY,債息計算起始日,990423
BODY,債息基準日,
BODY,日期/月份,10101,10102,10103,10104,10105,10106,10107,10108,10109,10110,10111,10112
BODY,01,1.3879,1.5573,1.7158,1.8852,0.0493,0.2191,0.3835,0.5534,0.7232,0.8876,1.0575,1.2219
BODY,02,1.3934,1.5628,1.7213,1.8907,0.0547,0.2246,0.3890,0.5589,0.7287,0.8931,1.0630,1.2273
BODY,03,1.3989,1.5683,1.7267,1.8961,0.0602,0.2301,0.3945,0.5643,0.7342,0.8986,1.0684,1.2328
BODY,04,1.4043,1.5737,1.7322,1.9016,0.0657,0.2356,0.4000,0.5698,0.7397,0.9041,1.0739,1.2383
BODY,05,1.4098,1.5792,1.7377,1.9071,0.0712,0.2410,0.4054,0.5753,0.7452,0.9095,1.0794,1.2438
BODY,06,1.4153,1.5846,1.7431,1.9125,0.0767,0.2465,0.4109,0.5808,0.7506,0.9150,1.0849,1.2493
BODY,07,1.4207,1.5901,1.7486,1.9180,0.0821,0.2520,0.4164,0.5863,0.7561,0.9205,1.0904,1.2547
BODY,08,1.4262,1.5956,1.7540,1.9234,0.0876,0.2575,0.4219,0.5917,0.7616,0.9260,1.0958,1.2602
BODY,09,1.4316,1.6010,1.7595,1.9289,0.0931,0.2630,0.4273,0.5972,0.7671,0.9315,1.1013,1.2657
BODY,10,1.4371,1.6065,1.7650,1.9344,0.0986,0.2684,0.4328,0.6027,0.7726,0.9369,1.1068,1.2712
BODY,11,1.4426,1.6120,1.7704,1.9398,0.1041,0.2739,0.4383,0.6082,0.7780,0.9424,1.1123,1.2767
BODY,12,1.4480,1.6174,1.7759,1.9453,0.1095,0.2794,0.4438,0.6136,0.7835,0.9479,1.1178,1.2821
BODY,13,1.4535,1.6229,1.7814,1.9508,0.1150,0.2849,0.4493,0.6191,0.7890,0.9534,1.1232,1.2876
BODY,14,1.4590,1.6284,1.7868,1.9562,0.1205,0.2904,0.4547,0.6246,0.7945,0.9589,1.1287,1.2931
BODY,15,1.4644,1.6338,1.7923,1.9617,0.1260,0.2958,0.4602,0.6301,0.8000,0.9643,1.1342,1.2986
BODY,16,1.4699,1.6393,1.7978,1.9672,0.1315,0.3013,0.4657,0.6356,0.8054,0.9698,1.1397,1.3041
BODY,17,1.4754,1.6448,1.8032,1.9726,0.1369,0.3068,0.4712,0.6410,0.8109,0.9753,1.1452,1.3095
BODY,18,1.4808,1.6502,1.8087,1.9781,0.1424,0.3123,0.4767,0.6465,0.8164,0.9808,1.1506,1.3150
BODY,19,1.4863,1.6557,1.8142,1.9836,0.1479,0.3178,0.4821,0.6520,0.8219,0.9863,1.1561,1.3205
BODY,20,1.4918,1.6612,1.8196,1.9890,0.1534,0.3232,0.4876,0.6575,0.8273,0.9917,1.1616,1.3260
BODY,21,1.4972,1.6666,1.8251,1.9945,0.1589,0.3287,0.4931,0.6630,0.8328,0.9972,1.1671,1.3315
BODY,22,1.5027,1.6721,1.8306,2.0000,0.1643,0.3342,0.4986,0.6684,0.8383,1.0027,1.1726,1.3369
BODY,23,1.5081,1.6775,1.8360,0.0054,0.1698,0.3397,0.5041,0.6739,0.8438,1.0082,1.1780,1.3424
BODY,24,1.5136,1.6830,1.8415,0.0109,0.1753,0.3452,0.5095,0.6794,0.8493,1.0136,1.1835,1.3479
BODY,25,1.5191,1.6885,1.8469,0.0164,0.1808,0.3506,0.5150,0.6849,0.8547,1.0191,1.1890,1.3534
BODY,26,1.5245,1.6939,1.8524,0.0219,0.1863,0.3561,0.5205,0.6904,0.8602,1.0246,1.1945,1.3589
BODY,27,1.5300,1.6994,1.8579,0.0273,0.1917,0.3616,0.5260,0.6958,0.8657,1.0301,1.2000,1.3643
BODY,28,1.5355,1.7049,1.8633,0.0328,0.1972,0.3671,0.5315,0.7013,0.8712,1.0356,1.2054,1.3698
BODY,29,1.5409,1.7103,1.8688,0.0383,0.2027,0.3726,0.5369,0.7068,0.8767,1.0410,1.2109,1.3753
BODY,30,1.5464,0.0000,1.8743,0.0438,0.2082,0.3780,0.5424,0.7123,0.8821,1.0465,1.2164,1.3808
BODY,31,1.5519,0.0000,1.8797,0.0000,0.2136,0.0000,0.5479,0.7178,0.0000,1.0520,0.0000,1.3863
BODY,發行公司,益通二
BODY,轉換公司債名稱,益通二
BODY,轉換公司債代號,34522
BODY,發行日期,980814
BODY,票面利率,2
BODY,計算週期, 12個月
BODY,債息計算起始日,980818
BODY,債息基準日,
BODY,日期/月份,10101,10102,10103,10104,10105,10106,10107,10108,10109,10110,10111,10112
BODY,01,0.7705,0.9399,0.0929,0.2623,0.4262,0.5956,0.7596,0.9290,0.1041,0.2685,0.4384,0.6027
BODY,02,0.7760,0.9454,0.0984,0.2678,0.4317,0.6011,0.7650,0.9344,0.1096,0.2740,0.4438,0.6082
BODY,03,0.7814,0.9508,0.1038,0.2732,0.4372,0.6066,0.7705,0.9399,0.1151,0.2795,0.4493,0.6137
BODY,04,0.7869,0.9563,0.1093,0.2787,0.4426,0.6120,0.7760,0.9454,0.1205,0.2849,0.4548,0.6192
BODY,05,0.7923,0.9617,0.1148,0.2842,0.4481,0.6175,0.7814,0.9508,0.1260,0.2904,0.4603,0.6247
BODY,06,0.7978,0.9672,0.1202,0.2896,0.4536,0.6230,0.7869,0.9563,0.1315,0.2959,0.4658,0.6301
BODY,07,0.8033,0.9727,0.1257,0.2951,0.4590,0.6284,0.7923,0.9617,0.1370,0.3014,0.4712,0.6356
BODY,08,0.8087,0.9781,0.1311,0.3005,0.4645,0.6339,0.7978,0.9672,0.1425,0.3068,0.4767,0.6411
BODY,09,0.8142,0.9836,0.1366,0.3060,0.4699,0.6393,0.8033,0.9727,0.1479,0.3123,0.4822,0.6466
BODY,10,0.8197,0.9891,0.1421,0.3115,0.4754,0.6448,0.8087,0.9781,0.1534,0.3178,0.4877,0.6521
BODY,11,0.8251,0.9945,0.1475,0.3169,0.4809,0.6503,0.8142,0.9836,0.1589,0.3233,0.4932,0.6575
BODY,12,0.8306,1.0000,0.1530,0.3224,0.4863,0.6557,0.8197,0.9891,0.1644,0.3288,0.4986,0.6630
BODY,13,0.8361,1.0055,0.1585,0.3279,0.4918,0.6612,0.8251,0.9945,0.1699,0.3342,0.5041,0.6685
BODY,14,0.8415,0.0055,0.1639,0.3333,0.4973,0.6667,0.8306,0.0055,0.1753,0.3397,0.5096,0.6740
BODY,15,0.8470,0.0109,0.1694,0.3388,0.5027,0.6721,0.8361,0.0110,0.1808,0.3452,0.5151,0.6795
BODY,16,0.8525,0.0164,0.1749,0.3443,0.5082,0.6776,0.8415,0.0164,0.1863,0.3507,0.5205,0.6849
BODY,17,0.8579,0.0219,0.1803,0.3497,0.5137,0.6831,0.8470,0.0219,0.1918,0.3562,0.5260,0.6904
BODY,18,0.8634,0.0273,0.1858,0.3552,0.5191,0.6885,0.8525,0.0274,0.1973,0.3616,0.5315,0.6959
BODY,19,0.8689,0.0328,0.1913,0.3607,0.5246,0.6940,0.8579,0.0329,0.2027,0.3671,0.5370,0.7014
BODY,20,0.8743,0.0383,0.1967,0.3661,0.5301,0.6995,0.8634,0.0384,0.2082,0.3726,0.5425,0.7068
BODY,21,0.8798,0.0437,0.2022,0.3716,0.5355,0.7049,0.8689,0.0438,0.2137,0.3781,0.5479,0.7123
BODY,22,0.8852,0.0492,0.2077,0.3770,0.5410,0.7104,0.8743,0.0493,0.2192,0.3836,0.5534,0.7178
BODY,23,0.8907,0.0546,0.2131,0.3825,0.5464,0.7158,0.8798,0.0548,0.2247,0.3890,0.5589,0.7233
BODY,24,0.8962,0.0601,0.2186,0.3880,0.5519,0.7213,0.8852,0.0603,0.2301,0.3945,0.5644,0.7288
BODY,25,0.9016,0.0656,0.2240,0.3934,0.5574,0.7268,0.8907,0.0658,0.2356,0.4000,0.5699,0.7342
BODY,26,0.9071,0.0710,0.2295,0.3989,0.5628,0.7322,0.8962,0.0712,0.2411,0.4055,0.5753,0.7397
BODY,27,0.9126,0.0765,0.2350,0.4044,0.5683,0.7377,0.9016,0.0767,0.2466,0.4110,0.5808,0.7452
BODY,28,0.9180,0.0820,0.2404,0.4098,0.5738,0.7432,0.9071,0.0822,0.2521,0.4164,0.5863,0.7507
BODY,29,0.9235,0.0874,0.2459,0.4153,0.5792,0.7486,0.9126,0.0877,0.2575,0.4219,0.5918,0.7562
BODY,30,0.9290,0.0000,0.2514,0.4208,0.5847,0.7541,0.9180,0.0932,0.2630,0.4274,0.5973,0.7616
BODY,31,0.9344,0.0000,0.2568,0.0000,0.5902,0.0000,0.9235,0.0986,0.0000,0.4329,0.0000,0.7671
BODY,發行公司,益通三
BODY,轉換公司債名稱,益通三
BODY,轉換公司債代號,34523
BODY,發行日期,990318
BODY,票面利率,1.5
BODY,計算週期, 12個月
BODY,債息計算起始日,990322
BODY,債息基準日,
BODY,日期/月份,10101,10102,10103,10104,10105,10106,10107,10108,10109,10110,10111,10112
BODY,01,0.4344,0.5615,0.6803,0.0616,0.1849,0.3123,0.4356,0.5630,0.6904,0.0575,0.1849,0.3082
BODY,02,0.4385,0.5656,0.6844,0.0658,0.1890,0.3164,0.4397,0.5671,0.6945,0.0616,0.1890,0.3123
BODY,03,0.4426,0.5697,0.6885,0.0699,0.1932,0.3205,0.4438,0.5712,0.6986,0.0658,0.1932,0.3164
BODY,04,0.4467,0.5738,0.6926,0.0740,0.1973,0.3247,0.4479,0.5753,0.7027,0.0699,0.1973,0.3205
BODY,05,0.4508,0.5779,0.6967,0.0781,0.2014,0.3288,0.4521,0.5795,0.7068,0.0740,0.2014,0.3247
BODY,06,0.4549,0.5820,0.7008,0.0822,0.2055,0.3329,0.4562,0.5836,0.7110,0.0781,0.2055,0.3288
BODY,07,0.4590,0.5861,0.7049,0.0863,0.2096,0.3370,0.4603,0.5877,0.7151,0.0822,0.2096,0.3329
BODY,08,0.4631,0.5902,0.7090,0.0904,0.2137,0.3411,0.4644,0.5918,0.7192,0.0863,0.2137,0.3370
BODY,09,0.4672,0.5943,0.7131,0.0945,0.2178,0.3452,0.4685,0.5959,0.7233,0.0904,0.2178,0.3411
BODY,10,0.4713,0.5984,0.7172,0.0986,0.2219,0.3493,0.4726,0.6000,0.7274,0.0945,0.2219,0.3452
BODY,11,0.4754,0.6025,0.7213,0.1027,0.2260,0.3534,0.4767,0.6041,0.7315,0.0986,0.2260,0.3493
BODY,12,0.4795,0.6066,0.7254,0.1068,0.2301,0.3575,0.4808,0.6082,0.7356,0.1027,0.2301,0.3534
BODY,13,0.4836,0.6107,0.7295,0.1110,0.2342,0.3616,0.4849,0.6123,0.7397,0.1068,0.2342,0.3575
BODY,14,0.4877,0.6148,0.7336,0.1151,0.2384,0.3658,0.4890,0.6164,0.7438,0.1110,0.2384,0.3616
BODY,15,0.4918,0.6189,0.7377,0.1192,0.2425,0.3699,0.4932,0.6205,0.7479,0.1151,0.2425,0.3658
BODY,16,0.4959,0.6230,0.7418,0.1233,0.2466,0.3740,0.4973,0.6247,0.7521,0.1192,0.2466,0.3699
BODY,17,0.5000,0.6270,0.7459,0.1274,0.2507,0.3781,0.5014,0.6288,0.7562,0.1233,0.2507,0.3740
BODY,18,0.5041,0.6311,0.0041,0.1315,0.2548,0.3822,0.5055,0.6329,0.0041,0.1274,0.2548,0.3781
BODY,19,0.5082,0.6352,0.0082,0.1356,0.2589,0.3863,0.5096,0.6370,0.0082,0.1315,0.2589,0.3822
BODY,20,0.5123,0.6393,0.0123,0.1397,0.2630,0.3904,0.5137,0.6411,0.0123,0.1356,0.2630,0.3863
BODY,21,0.5164,0.6434,0.0164,0.1438,0.2671,0.3945,0.5178,0.6452,0.0164,0.1397,0.2671,0.3904
BODY,22,0.5205,0.6475,0.0205,0.1479,0.2712,0.3986,0.5219,0.6493,0.0205,0.1438,0.2712,0.3945
BODY,23,0.5246,0.6516,0.0247,0.1521,0.2753,0.4027,0.5260,0.6534,0.0247,0.1479,0.2753,0.3986
BODY,24,0.5287,0.6557,0.0288,0.1562,0.2795,0.4068,0.5301,0.6575,0.0288,0.1521,0.2795,0.4027
BODY,25,0.5328,0.6598,0.0329,0.1603,0.2836,0.4110,0.5342,0.6616,0.0329,0.1562,0.2836,0.4068
BODY,26,0.5369,0.6639,0.0370,0.1644,0.2877,0.4151,0.5384,0.6658,0.0370,0.1603,0.2877,0.4110
BODY,27,0.5410,0.6680,0.0411,0.1685,0.2918,0.4192,0.5425,0.6699,0.0411,0.1644,0.2918,0.4151
BODY,28,0.5451,0.6721,0.0452,0.1726,0.2959,0.4233,0.5466,0.6740,0.0452,0.1685,0.2959,0.4192
BODY,29,0.5492,0.6762,0.0493,0.1767,0.3000,0.4274,0.5507,0.6781,0.0493,0.1726,0.3000,0.4233
BODY,30,0.5533,0.0000,0.0534,0.1808,0.3041,0.4315,0.5548,0.6822,0.0534,0.1767,0.3041,0.4274
BODY,31,0.5574,0.0000,0.0575,0.0000,0.3082,0.0000,0.5589,0.6863,0.0000,0.1808,0.0000,0.4315
BODY,發行公司,久陽一
BODY,轉換公司債名稱,久陽一
BODY,轉換公司債代號,50111
BODY,發行日期,1000713
BODY,票面利率,0.7
BODY,計算週期, 12個月
BODY,債息計算起始日,1000713
BODY,債息基準日,0
BODY,日期/月份,10101,10102,10103,10104,10105,10106,10107,10108,10109,10110,10111,10112
BODY,01,0.3309,0.3902,0.4456,0.5049,0.5623,0.6216,0.6790,0.0384,0.0978,0.1553,0.2148,0.2723
BODY,02,0.3328,0.3921,0.4475,0.5068,0.5642,0.6235,0.6809,0.0403,0.0997,0.1573,0.2167,0.2742
BODY,03,0.3347,0.3940,0.4495,0.5087,0.5661,0.6254,0.6828,0.0422,0.1016,0.1592,0.2186,0.2762
BODY,04,0.3366,0.3959,0.4514,0.5107,0.5680,0.6273,0.6847,0.0441,0.1036,0.1611,0.2205,0.2781
BODY,05,0.3385,0.3978,0.4533,0.5126,0.5699,0.6292,0.6866,0.0460,0.1055,0.1630,0.2225,0.2800
BODY,06,0.3404,0.3997,0.4552,0.5145,0.5719,0.6311,0.6885,0.0479,0.1074,0.1649,0.2244,0.2819
BODY,07,0.3423,0.4016,0.4571,0.5164,0.5738,0.6331,0.6904,0.0499,0.1093,0.1668,0.2263,0.2838
BODY,08,0.3443,0.4036,0.4590,0.5183,0.5757,0.6350,0.6923,0.0518,0.1112,0.1688,0.2282,0.2858
BODY,09,0.3462,0.4055,0.4609,0.5202,0.5776,0.6369,0.6943,0.0537,0.1132,0.1707,0.2301,0.2877
BODY,10,0.3481,0.4074,0.4628,0.5221,0.5795,0.6388,0.6962,0.0556,0.1151,0.1726,0.2321,0.2896
BODY,11,0.3500,0.4093,0.4648,0.5240,0.5814,0.6407,0.6981,0.0575,0.1170,0.1745,0.2340,0.2915
BODY,12,0.3519,0.4112,0.4667,0.5260,0.5833,0.6426,0.7000,0.0595,0.1189,0.1764,0.2359,0.2934
BODY,13,0.3538,0.4131,0.4686,0.5279,0.5852,0.6445,0.0019,0.0614,0.1208,0.1784,0.2378,0.2953
BODY,14,0.3557,0.4150,0.4705,0.5298,0.5872,0.6464,0.0038,0.0633,0.1227,0.1803,0.2397,0.2973
BODY,15,0.3577,0.4169,0.4724,0.5317,0.5891,0.6484,0.0058,0.0652,0.1247,0.1822,0.2416,0.2992
BODY,16,0.3596,0.4189,0.4743,0.5336,0.5910,0.6503,0.0077,0.0671,0.1266,0.1841,0.2436,0.3011
BODY,17,0.3615,0.4208,0.4762,0.5355,0.5929,0.6522,0.0096,0.0690,0.1285,0.1860,0.2455,0.3030
BODY,18,0.3634,0.4227,0.4781,0.5374,0.5948,0.6541,0.0115,0.0710,0.1304,0.1879,0.2474,0.3049
BODY,19,0.3653,0.4246,0.4801,0.5393,0.5967,0.6560,0.0134,0.0729,0.1323,0.1899,0.2493,0.3068
BODY,20,0.3672,0.4265,0.4820,0.5413,0.5986,0.6579,0.0153,0.0748,0.1342,0.1918,0.2512,0.3088
BODY,21,0.3691,0.4284,0.4839,0.5432,0.6005,0.6598,0.0173,0.0767,0.1362,0.1937,0.2532,0.3107
BODY,22,0.3710,0.4303,0.4858,0.5451,0.6025,0.6617,0.0192,0.0786,0.1381,0.1956,0.2551,0.3126
BODY,23,0.3730,0.4322,0.4877,0.5470,0.6044,0.6637,0.0211,0.0805,0.1400,0.1975,0.2570,0.3145
BODY,24,0.3749,0.4342,0.4896,0.5489,0.6063,0.6656,0.0230,0.0825,0.1419,0.1995,0.2589,0.3164
BODY,25,0.3768,0.4361,0.4915,0.5508,0.6082,0.6675,0.0249,0.0844,0.1438,0.2014,0.2608,0.3184
BODY,26,0.3787,0.4380,0.4934,0.5527,0.6101,0.6694,0.0268,0.0863,0.1458,0.2033,0.2627,0.3203
BODY,27,0.3806,0.4399,0.4954,0.5546,0.6120,0.6713,0.0288,0.0882,0.1477,0.2052,0.2647,0.3222
BODY,28,0.3825,0.4418,0.4973,0.5566,0.6139,0.6732,0.0307,0.0901,0.1496,0.2071,0.2666,0.3241
BODY,29,0.3844,0.4437,0.4992,0.5585,0.6158,0.6751,0.0326,0.0921,0.1515,0.2090,0.2685,0.3260
BODY,30,0.3863,0.0000,0.5011,0.5604,0.6178,0.6770,0.0345,0.0940,0.1534,0.2110,0.2704,0.3279
BODY,31,0.3883,0.0000,0.5030,0.0000,0.6197,0.0000,0.0364,0.0959,0.0000,0.2129,0.0000,0.3299
BODY,發行公司,力麒三
BODY,轉換公司債名稱,力麒三
BODY,轉換公司債代號,55123
BODY,發行日期,980929
BODY,票面利率,1
BODY,計算週期, 12個月
BODY,債息計算起始日,980929
BODY,債息基準日,
BODY,日期/月份,10101,10102,10103,10104,10105,10106,10107,10108,10109,10110,10111,10112
BODY,01,0.2596,0.3443,0.4235,0.5082,0.5902,0.6749,0.7568,0.8415,0.9262,0.0082,0.0932,0.1753
BODY,02,0.2623,0.3470,0.4262,0.5109,0.5929,0.6776,0.7596,0.8443,0.9290,0.0110,0.0959,0.1781
BODY,03,0.2650,0.3497,0.4290,0.5137,0.5956,0.6803,0.7623,0.8470,0.9317,0.0137,0.0986,0.1808
BODY,04,0.2678,0.3525,0.4317,0.5164,0.5984,0.6831,0.7650,0.8497,0.9344,0.0164,0.1014,0.1836
BODY,05,0.2705,0.3552,0.4344,0.5191,0.6011,0.6858,0.7678,0.8525,0.9372,0.0192,0.1041,0.1863
BODY,06,0.2732,0.3579,0.4372,0.5219,0.6038,0.6885,0.7705,0.8552,0.9399,0.0219,0.1068,0.1890
BODY,07,0.2760,0.3607,0.4399,0.5246,0.6066,0.6913,0.7732,0.8579,0.9426,0.0247,0.1096,0.1918
BODY,08,0.2787,0.3634,0.4426,0.5273,0.6093,0.6940,0.7760,0.8607,0.9454,0.0274,0.1123,0.1945
BODY,09,0.2814,0.3661,0.4454,0.5301,0.6120,0.6967,0.7787,0.8634,0.9481,0.0301,0.1151,0.1973
BODY,10,0.2842,0.3689,0.4481,0.5328,0.6148,0.6995,0.7814,0.8661,0.9508,0.0329,0.1178,0.2000
BODY,11,0.2869,0.3716,0.4508,0.5355,0.6175,0.7022,0.7842,0.8689,0.9536,0.0356,0.1205,0.2027
BODY,12,0.2896,0.3743,0.4536,0.5383,0.6202,0.7049,0.7869,0.8716,0.9563,0.0384,0.1233,0.2055
BODY,13,0.2923,0.3770,0.4563,0.5410,0.6230,0.7077,0.7896,0.8743,0.9590,0.0411,0.1260,0.2082
BODY,14,0.2951,0.3798,0.4590,0.5437,0.6257,0.7104,0.7923,0.8770,0.9617,0.0438,0.1288,0.2110
BODY,15,0.2978,0.3825,0.4617,0.5464,0.6284,0.7131,0.7951,0.8798,0.9645,0.0466,0.1315,0.2137
BODY,16,0.3005,0.3852,0.4645,0.5492,0.6311,0.7158,0.7978,0.8825,0.9672,0.0493,0.1342,0.2164
BODY,17,0.3033,0.3880,0.4672,0.5519,0.6339,0.7186,0.8005,0.8852,0.9699,0.0521,0.1370,0.2192
BODY,18,0.3060,0.3907,0.4699,0.5546,0.6366,0.7213,0.8033,0.8880,0.9727,0.0548,0.1397,0.2219
BODY,19,0.3087,0.3934,0.4727,0.5574,0.6393,0.7240,0.8060,0.8907,0.9754,0.0575,0.1425,0.2247
BODY,20,0.3115,0.3962,0.4754,0.5601,0.6421,0.7268,0.8087,0.8934,0.9781,0.0603,0.1452,0.2274
BODY,21,0.3142,0.3989,0.4781,0.5628,0.6448,0.7295,0.8115,0.8962,0.9809,0.0630,0.1479,0.2301
BODY,22,0.3169,0.4016,0.4809,0.5656,0.6475,0.7322,0.8142,0.8989,0.9836,0.0658,0.1507,0.2329
BODY,23,0.3197,0.4044,0.4836,0.5683,0.6503,0.7350,0.8169,0.9016,0.9863,0.0685,0.1534,0.2356
BODY,24,0.3224,0.4071,0.4863,0.5710,0.6530,0.7377,0.8197,0.9044,0.9891,0.0712,0.1562,0.2384
BODY,25,0.3251,0.4098,0.4891,0.5738,0.6557,0.7404,0.8224,0.9071,0.9918,0.0740,0.1589,0.2411
BODY,26,0.3279,0.4126,0.4918,0.5765,0.6585,0.7432,0.8251,0.9098,0.9945,0.0767,0.1616,0.2438
BODY,27,0.3306,0.4153,0.4945,0.5792,0.6612,0.7459,0.8279,0.9126,0.9973,0.0795,0.1644,0.2466
BODY,28,0.3333,0.4180,0.4973,0.5820,0.6639,0.7486,0.8306,0.9153,1.0000,0.0822,0.1671,0.2493
BODY,29,0.3361,0.4208,0.5000,0.5847,0.6667,0.7514,0.8333,0.9180,0.0027,0.0849,0.1699,0.2521
BODY,30,0.3388,0.0000,0.5027,0.5874,0.6694,0.7541,0.8361,0.9208,0.0055,0.0877,0.1726,0.2548
BODY,31,0.3415,0.0000,0.5055,0.0000,0.6721,0.0000,0.8388,0.9235,0.0000,0.0904,0.0000,0.2575
BODY,發行公司,力麒四
BODY,轉換公司債名稱,力麒四
BODY,轉換公司債代號,55124
BODY,發行日期,991011
BODY,票面利率,1
BODY,計算週期, 12個月
BODY,債息計算起始日,991011
BODY,債息基準日,
BODY,日期/月份,10101,10102,10103,10104,10105,10106,10107,10108,10109,10110,10111,10112
BODY,01,0.2268,0.3115,0.3907,0.4754,0.5574,0.6421,0.7240,0.8087,0.8934,0.9754,0.0603,0.1425
BODY,02,0.2295,0.3142,0.3934,0.4781,0.5601,0.6448,0.7268,0.8115,0.8962,0.9781,0.0630,0.1452
BODY,03,0.2322,0.3169,0.3962,0.4809,0.5628,0.6475,0.7295,0.8142,0.8989,0.9809,0.0658,0.1479
BODY,04,0.2350,0.3197,0.3989,0.4836,0.5656,0.6503,0.7322,0.8169,0.9016,0.9836,0.0685,0.1507
BODY,05,0.2377,0.3224,0.4016,0.4863,0.5683,0.6530,0.7350,0.8197,0.9044,0.9863,0.0712,0.1534
BODY,06,0.2404,0.3251,0.4044,0.4891,0.5710,0.6557,0.7377,0.8224,0.9071,0.9891,0.0740,0.1562
BODY,07,0.2432,0.3279,0.4071,0.4918,0.5738,0.6585,0.7404,0.8251,0.9098,0.9918,0.0767,0.1589
BODY,08,0.2459,0.3306,0.4098,0.4945,0.5765,0.6612,0.7432,0.8279,0.9126,0.9945,0.0795,0.1616
BODY,09,0.2486,0.3333,0.4126,0.4973,0.5792,0.6639,0.7459,0.8306,0.9153,0.9973,0.0822,0.1644
BODY,10,0.2514,0.3361,0.4153,0.5000,0.5820,0.6667,0.7486,0.8333,0.9180,1.0000,0.0849,0.1671
BODY,11,0.2541,0.3388,0.4180,0.5027,0.5847,0.6694,0.7514,0.8361,0.9208,0.0027,0.0877,0.1699
BODY,12,0.2568,0.3415,0.4208,0.5055,0.5874,0.6721,0.7541,0.8388,0.9235,0.0055,0.0904,0.1726
BODY,13,0.2596,0.3443,0.4235,0.5082,0.5902,0.6749,0.7568,0.8415,0.9262,0.0082,0.0932,0.1753
BODY,14,0.2623,0.3470,0.4262,0.5109,0.5929,0.6776,0.7596,0.8443,0.9290,0.0110,0.0959,0.1781
BODY,15,0.2650,0.3497,0.4290,0.5137,0.5956,0.6803,0.7623,0.8470,0.9317,0.0137,0.0986,0.1808
BODY,16,0.2678,0.3525,0.4317,0.5164,0.5984,0.6831,0.7650,0.8497,0.9344,0.0164,0.1014,0.1836
BODY,17,0.2705,0.3552,0.4344,0.5191,0.6011,0.6858,0.7678,0.8525,0.9372,0.0192,0.1041,0.1863
BODY,18,0.2732,0.3579,0.4372,0.5219,0.6038,0.6885,0.7705,0.8552,0.9399,0.0219,0.1068,0.1890
BODY,19,0.2760,0.3607,0.4399,0.5246,0.6066,0.6913,0.7732,0.8579,0.9426,0.0247,0.1096,0.1918
BODY,20,0.2787,0.3634,0.4426,0.5273,0.6093,0.6940,0.7760,0.8607,0.9454,0.0274,0.1123,0.1945
BODY,21,0.2814,0.3661,0.4454,0.5301,0.6120,0.6967,0.7787,0.8634,0.9481,0.0301,0.1151,0.1973
BODY,22,0.2842,0.3689,0.4481,0.5328,0.6148,0.6995,0.7814,0.8661,0.9508,0.0329,0.1178,0.2000
BODY,23,0.2869,0.3716,0.4508,0.5355,0.6175,0.7022,0.7842,0.8689,0.9536,0.0356,0.1205,0.2027
BODY,24,0.2896,0.3743,0.4536,0.5383,0.6202,0.7049,0.7869,0.8716,0.9563,0.0384,0.1233,0.2055
BODY,25,0.2923,0.3770,0.4563,0.5410,0.6230,0.7077,0.7896,0.8743,0.9590,0.0411,0.1260,0.2082
BODY,26,0.2951,0.3798,0.4590,0.5437,0.6257,0.7104,0.7923,0.8770,0.9617,0.0438,0.1288,0.2110
BODY,27,0.2978,0.3825,0.4617,0.5464,0.6284,0.7131,0.7951,0.8798,0.9645,0.0466,0.1315,0.2137
BODY,28,0.3005,0.3852,0.4645,0.5492,0.6311,0.7158,0.7978,0.8825,0.9672,0.0493,0.1342,0.2164
BODY,29,0.3033,0.3880,0.4672,0.5519,0.6339,0.7186,0.8005,0.8852,0.9699,0.0521,0.1370,0.2192
BODY,30,0.3060,0.0000,0.4699,0.5546,0.6366,0.7213,0.8033,0.8880,0.9727,0.0548,0.1397,0.2219
BODY,31,0.3087,0.0000,0.4727,0.0000,0.6393,0.0000,0.8060,0.8907,0.0000,0.0575,0.0000,0.2247

