資料日期,代號,名稱,交易,收市,漲跌,開市,最高,最低,筆數,單位,金額,均價,明日參價,明日漲停,明日跌停
2026-05-14,11011,台泥一永,等價,,,,,,,,,99.22,99.95,109.90,90.00
2026-05-14,11011,台泥一永,議價,,,,,,,,,,,,
2026-05-14,12561,鮮活果汁一KY,等價,,,,,,,,,105.00,105.00,115.50,94.50
2026-05-14,12561,鮮活果汁一KY,議價,,,,,,,,,,,,
2026-05-14,13166,上曜六,等價,,,,,,,,,104.50,105.00,115.50,94.50
2026-05-14,13166,上曜六,議價,,,,,,,,,,,,
2026-05-14,13382,廣華二KY,等價,100.35,-0.05,100.00,100.35,100.00,4,4,"400,450",100.11,100.35,110.35,90.35
2026-05-14,13382,廣華二KY,議價,,,,,,,,,,,,
2026-05-14,140201,遠東新E1永,等價,103.00,+2.35,100.15,103.00,100.15,4,5,"504,850",100.97,103.00,113.30,92.70
2026-05-14,140201,遠東新E1永,議價,,,,,,,,,,,,
2026-05-14,140202,遠東新E2永,等價,,,,,,,,,98.20,98.20,108.00,88.40
2026-05-14,140202,遠東新E2永,議價,,,,,,,,,,,,
2026-05-14,14363,華友聯三,等價,100.25,-0.30,100.30,100.55,100.25,6,10,"1,003,650",100.36,100.25,110.25,90.25
2026-05-14,14363,華友聯三,議價,,,,,,,,,,,,
2026-05-14,14364,華友聯四,等價,94.25,,94.25,94.25,94.20,9,18,"1,695,900",94.21,94.25,103.65,84.85
2026-05-14,14364,華友聯四,議價,,,,,,,,,,,,
2026-05-14,14381,三地開發一,等價,,,,,,,,,119.70,119.70,131.65,107.75
2026-05-14,14381,三地開發一,議價,,,,,,,,,,,,
2026-05-14,14664,聚隆四,等價,,,,,,,,,105.00,105.00,115.50,94.50
2026-05-14,14664,聚隆四,議價,,,,,,,,,,,,
2026-05-14,14722,三洋實業二,等價,,,,,,,,,107.65,107.65,118.40,96.90
2026-05-14,14722,三洋實業二,議價,,,,,,,,,,,,
2026-05-14,14723,三洋實業三,等價,,,,,,,,,97.35,97.35,107.05,87.65
2026-05-14,14723,三洋實業三,議價,,,,,,,,,,,,
2026-05-14,14743,弘裕三,等價,,,,,,,,,88.80,90.00,99.00,81.00
2026-05-14,14743,弘裕三,議價,,,,,,,,,,,,
2026-05-14,15142,亞力二,等價,134.80,-1.20,136.50,136.50,134.40,52,82,"11,076,350",135.07,134.80,148.25,121.35
2026-05-14,15142,亞力二,議價,,,,,,,,,,,,
2026-05-14,15261,日馳一,等價,96.80,,96.80,96.80,96.80,1,1,"96,800",96.80,96.80,106.45,87.15
2026-05-14,15261,日馳一,議價,,,,,,,,,,,,
2026-05-14,15364,和大四,等價,,,,,,,,,98.45,98.45,108.25,88.65
2026-05-14,15364,和大四,議價,,,,,,,,,,,,
2026-05-14,15601,中砂一,等價,228.00,-1.00,222.00,228.00,222.00,6,15,"3,357,000",223.80,228.00,250.00,206.00
2026-05-14,15601,中砂一,議價,,,,,,,,,,,,
2026-05-14,15864,和勤四,等價,,,,,,,,,102.40,102.00,112.20,91.80
2026-05-14,15864,和勤四,議價,,,,,,,,,,,,
2026-05-14,15865,和勤五,等價,98.85,+0.05,98.80,98.85,98.80,2,2,"197,650",98.82,98.85,108.70,89.00
2026-05-14,15865,和勤五,議價,,,,,,,,,,,,
2026-05-14,15952,川寶二,等價,,,,,,,,,243.50,245.00,269.00,221.00
2026-05-14,15952,川寶二,議價,,,,,,,,,,,,
2026-05-14,15984,岱宇四,等價,94.40,-0.65,95.05,95.05,92.55,11,12,"1,133,450",94.45,94.40,103.80,85.00
2026-05-14,15984,岱宇四,議價,,,,,,,,,,,,
2026-05-14,16095,大亞五,等價,105.00,-0.95,104.50,105.45,104.50,9,12,"1,258,400",104.86,105.00,115.50,94.50
2026-05-14,16095,大亞五,議價,,,,,,,,,,,,
2026-05-14,17813,合世三,等價,,,,,,,,,101.30,101.35,111.45,91.25
2026-05-14,17813,合世三,議價,,,,,,,,,,,,
2026-05-14,17863,科妍三,等價,,,,,,,,,100.10,100.10,110.10,90.10
2026-05-14,17863,科妍三,議價,,,,,,,,,,,,
2026-05-14,19094,榮成四,等價,,,,,,,,,96.60,96.60,106.25,86.95
2026-05-14,19094,榮成四,議價,,,,,,,,,,,,
2026-05-14,20344,允強四,等價,,,,,,,,,106.10,106.10,116.70,95.50
2026-05-14,20344,允強四,議價,,,,,,,,,,,,
2026-05-14,20662,世德二,等價,99.90,+0.05,99.85,99.90,99.85,2,2,"199,750",99.87,99.90,109.85,89.95
2026-05-14,20662,世德二,議價,,,,,,,,,,,,
2026-05-14,21043,國際中橡三,等價,,,,,,,,,99.00,99.00,108.90,89.10
2026-05-14,21043,國際中橡三,議價,,,,,,,,,,,,
2026-05-14,22013,裕隆三,等價,100.15,-0.05,100.10,100.20,100.10,7,17,"1,702,550",100.15,100.15,110.15,90.15
2026-05-14,22013,裕隆三,議價,,,,,,,,,,,,
2026-05-14,22283,劍麟三,等價,113.00,-1.00,113.05,113.05,113.00,4,4,"452,100",113.02,113.00,124.30,101.70
2026-05-14,22283,劍麟三,議價,,,,,,,,,,,,
2026-05-14,22331,宇隆一,等價,137.00,-1.00,136.00,137.00,136.00,7,12,"1,637,700",136.47,137.00,150.00,123.30
2026-05-14,22331,宇隆一,議價,,,,,,,,,,,,
2026-05-14,22363,百達三KY,等價,116.00,+0.50,116.00,117.45,115.55,19,90,"10,510,000",116.77,116.00,127.60,104.40
2026-05-14,22363,百達三KY,議價,,,,,,,,,,,,
2026-05-14,22471,汎德永業一,等價,100.20,-0.80,100.05,101.40,100.05,7,7,"702,450",100.35,100.20,110.20,90.20
2026-05-14,22471,汎德永業一,議價,,,,,,,,,,,,
2026-05-14,22472,汎德永業二,等價,,,,,,,,,102.90,102.35,112.55,92.15
2026-05-14,22472,汎德永業二,議價,,,,,,,,,,,,
2026-05-14,23291,華泰一,等價,127.70,+2.20,125.50,128.00,125.50,52,230,"29,160,000",126.78,127.70,140.45,114.95
2026-05-14,23291,華泰一,議價,,,,,,,,,,,,
2026-05-14,23372,旺宏二,等價,,,,,,,,,700.00,713.00,784.00,642.00
2026-05-14,23372,旺宏二,議價,,,,,,,,,,,,
2026-05-14,23383,光罩三,等價,,,,,,,,,98.54,98.70,108.55,88.85
2026-05-14,23383,光罩三,議價,,,,,,,,,,,,
2026-05-14,23511,順德一,等價,249.00,+1.00,261.00,269.00,249.00,21,46,"12,109,000",263.23,249.00,273.00,225.00
2026-05-14,23511,順德一,議價,,,,,,,,,,,,
2026-05-14,23683,金像電三,等價,320.00,+15.00,312.00,329.00,312.00,76,455,"147,794,000",324.82,320.00,352.00,288.00
2026-05-14,23683,金像電三,議價,,,,,,,,,,,,
2026-05-14,23742,佳能二,等價,129.00,+1.95,128.00,130.00,128.00,12,20,"2,586,750",129.33,129.00,141.90,116.10
2026-05-14,23742,佳能二,議價,,,,,,,,,,,,
2026-05-14,24023,毅嘉三,等價,135.80,,136.00,136.00,134.00,26,41,"5,540,600",135.13,135.80,149.35,122.25
2026-05-14,24023,毅嘉三,議價,,,,,,,,,,,,
2026-05-14,24271,三商電一,等價,97.90,-0.20,98.10,98.10,97.90,9,20,"1,961,100",98.05,97.90,107.65,88.15
2026-05-14,24271,三商電一,議價,,,,,,,,,,,,
2026-05-14,24361,偉詮電一,等價,131.50,-2.70,134.80,134.80,131.50,14,79,"10,606,200",134.25,131.50,144.65,118.35
2026-05-14,24361,偉詮電一,議價,,,,,,,,,,,,
2026-05-14,24394,美律四,等價,104.55,-0.35,104.80,104.85,104.55,6,9,"942,700",104.74,104.55,115.00,94.10
2026-05-14,24394,美律四,議價,,,,,,,,,,,,
2026-05-14,24395,美律五,等價,105.40,+0.15,105.35,105.40,105.35,6,6,"632,300",105.38,105.40,115.90,94.90
2026-05-14,24395,美律五,議價,,,,,,,,,,,,
2026-05-14,24423,新美齊三,等價,97.00,,97.00,97.00,97.00,2,5,"485,000",97.00,97.00,106.70,87.30
2026-05-14,24423,新美齊三,議價,,,,,,,,,,,,
2026-05-14,24424,新美齊四,等價,,,,,,,,,96.83,96.85,106.50,87.20
2026-05-14,24424,新美齊四,議價,,,,,,,,,,,,
2026-05-14,24552,全新二,等價,,,,,,,,,240.45,242.00,266.00,218.00
2026-05-14,24552,全新二,議價,,,,,,,,,,,,
2026-05-14,24553,全新三,等價,,,,,,,,,251.83,258.00,283.00,233.00
2026-05-14,24553,全新三,議價,,,,,,,,,,,,
2026-05-14,24624,良得電四,等價,,,,,,,,,99.00,99.00,108.90,89.10
2026-05-14,24624,良得電四,議價,,,,,,,,,,,,
2026-05-14,24642,盟立二,等價,145.30,+1.90,148.50,148.50,142.10,58,169,"24,488,650",144.90,145.30,159.00,130.80
2026-05-14,24642,盟立二,議價,,,,,,,,,,,,
2026-05-14,24672,志聖二,等價,241.00,-10.00,243.00,243.00,241.00,3,13,"3,135,000",241.15,241.00,265.00,217.00
2026-05-14,24672,志聖二,議價,,,,,,,,,,,,
2026-05-14,24673,志聖三,等價,,,,,,,,,259.45,254.00,279.00,229.00
2026-05-14,24673,志聖三,議價,,,,,,,,,,,,
2026-05-14,24762,鉅祥二,等價,179.00,+3.00,177.00,180.00,177.00,8,10,"1,784,000",178.40,179.00,196.00,162.00
2026-05-14,24762,鉅祥二,議價,,,,,,,,,,,,
2026-05-14,24866,一詮六,等價,201.00,+3.00,200.00,201.00,199.00,3,7,"1,400,000",200.00,201.00,221.00,181.00
2026-05-14,24866,一詮六,議價,,,,,,,,,,,,
2026-05-14,25283,皇普三,等價,,,,,,,,,104.87,104.50,114.95,94.05
2026-05-14,25283,皇普三,議價,,,,,,,,,,,,
2026-05-14,25284,皇普四,等價,90.00,-0.65,90.70,91.00,90.00,8,28,"2,534,800",90.52,90.00,99.00,81.00
2026-05-14,25284,皇普四,議價,,,,,,,,,,,,
2026-05-14,25303,華建三,等價,,,,,,,,,93.16,93.40,102.70,84.10
2026-05-14,25303,華建三,議價,,,,,,,,,,,,
2026-05-14,25304,華建四,等價,,,,,,,,,94.05,94.05,103.45,84.65
2026-05-14,25304,華建四,議價,,,,,,,,,,,,
2026-05-14,25483,華固三,等價,107.80,+0.10,107.90,107.90,107.00,3,27,"2,890,700",107.06,107.80,118.55,97.05
2026-05-14,25483,華固三,議價,,,,,,,,,,,,
2026-05-14,25484,華固四,等價,109.00,+1.00,108.00,109.00,108.00,2,11,"1,189,000",108.09,109.00,119.90,98.10
2026-05-14,25484,華固四,議價,,,,,,,,,,,,
2026-05-14,26417,正德七,等價,98.80,-0.20,98.80,98.80,98.80,4,6,"592,800",98.80,98.80,108.65,88.95
2026-05-14,26417,正德七,議價,,,,,,,,,,,,
2026-05-14,26418,正德八,等價,,,,,,,,,104.65,103.50,113.85,93.15
2026-05-14,26418,正德八,議價,,,,,,,,,,,,
2026-05-14,27271,王品一,等價,112.60,-0.60,112.70,112.70,112.30,9,33,"3,717,400",112.64,112.60,123.85,101.35
2026-05-14,27271,王品一,議價,,,,,,,,,,,,
2026-05-14,27323,六角三,等價,,,,,,,,,100.90,100.65,110.70,90.60
2026-05-14,27323,六角三,議價,,,,,,,,,,,,
2026-05-14,27324,六角四,等價,,,,,,,,,103.80,103.80,114.15,93.45
2026-05-14,27324,六角四,議價,,,,,,,,,,,,
2026-05-14,27431,山富一,等價,,,,,,,,,101.50,101.50,111.65,91.35
2026-05-14,27431,山富一,議價,,,,,,,,,,,,
2026-05-14,27451,五福一,等價,109.85,,109.85,109.85,109.85,1,1,"109,850",109.85,109.85,120.80,98.90
2026-05-14,27451,五福一,議價,,,,,,,,,,,,
2026-05-14,27531,八方雲集一,等價,108.00,-0.75,111.95,111.95,108.00,6,11,"1,191,950",108.35,108.00,118.80,97.20
2026-05-14,27531,八方雲集一,議價,,,,,,,,,,,,
2026-05-14,27532,八方雲集二,等價,108.95,+2.20,108.95,108.95,108.95,1,1,"108,950",108.95,108.95,119.80,98.10
2026-05-14,27532,八方雲集二,議價,,,,,,,,,,,,
2026-05-14,27551,揚秦一,等價,,,,,,,,,153.00,153.00,168.00,137.70
2026-05-14,27551,揚秦一,議價,,,,,,,,,,,,
2026-05-14,27561,聯發國際一,等價,,,,,,,,,101.00,100.95,111.00,90.90
2026-05-14,27561,聯發國際一,議價,,,,,,,,,,,,
2026-05-14,29061,高林一,等價,98.80,,98.80,98.80,98.80,1,15,"1,482,000",98.80,98.80,108.65,88.95
2026-05-14,29061,高林一,議價,,,,,,,,,,,,
2026-05-14,30112,今皓二,等價,113.80,-4.10,116.90,116.90,113.80,9,23,"2,622,000",114.00,113.80,125.15,102.45
2026-05-14,30112,今皓二,議價,,,,,,,,,,,,
2026-05-14,30134,晟銘電四,等價,124.05,+0.05,124.05,124.05,124.05,2,2,"248,100",124.05,124.05,136.45,111.65
2026-05-14,30134,晟銘電四,議價,,,,,,,,,,,,
2026-05-14,30165,嘉晶五,等價,169.00,-6.00,175.00,175.00,167.00,5,11,"1,895,000",172.27,169.00,185.00,153.00
2026-05-14,30165,嘉晶五,議價,,,,,,,,,,,,
2026-05-14,30321,偉訓一,等價,,,,,,,,,95.91,96.00,105.60,86.40
2026-05-14,30321,偉訓一,議價,,,,,,,,,,,,
2026-05-14,30322,偉訓二,等價,,,,,,,,,96.56,96.95,106.60,87.30
2026-05-14,30322,偉訓二,議價,,,,,,,,,,,,
2026-05-14,30336,威健六,等價,186.00,+13.00,174.00,186.00,174.00,45,52,"9,491,000",182.51,186.00,204.00,168.00
2026-05-14,30336,威健六,議價,,,,,,,,,,,,
2026-05-14,30337,威健七,等價,134.00,+9.30,126.60,134.90,126.40,131,219,"28,914,900",132.03,134.00,147.40,120.60
2026-05-14,30337,威健七,議價,,,,,,,,,,,,
2026-05-14,30371,欣興一,等價,540.00,-5.00,550.00,558.00,540.00,25,39,"21,308,000",546.35,540.00,594.00,486.00
2026-05-14,30371,欣興一,議價,,,,,,,,,,,,
2026-05-14,30401,遠見一,等價,,,,,,,,,103.80,103.80,114.15,93.45
2026-05-14,30401,遠見一,議價,,,,,,,,,,,,
2026-05-14,30454,台灣大四,等價,100.75,+0.75,100.00,100.95,100.00,39,194,"19,560,450",100.82,100.75,110.80,90.70
2026-05-14,30454,台灣大四,議價,,,,,,,,,,,,
2026-05-14,30455,台灣大五,等價,104.60,+0.65,104.05,104.60,104.05,42,207,"21,624,000",104.46,104.60,115.05,94.15
2026-05-14,30455,台灣大五,議價,,,,,,,,,,,,
2026-05-14,30882,艾訊二,等價,143.20,-3.60,148.00,148.00,142.00,20,47,"6,803,700",144.75,143.20,157.00,128.90
2026-05-14,30882,艾訊二,議價,,,,,,,,,,,,
2026-05-14,30922,鴻碩二,等價,98.65,-0.45,99.00,99.00,98.65,5,5,"493,700",98.74,98.65,108.50,88.80
2026-05-14,30922,鴻碩二,議價,,,,,,,,,,,,
2026-05-14,30954,及成四,等價,,,,,,,,,132.49,129.95,142.90,117.00
2026-05-14,30954,及成四,議價,,,,,,,,,,,,
2026-05-14,31222,笙泉二,等價,,,,,,,,,104.20,108.00,118.80,97.20
2026-05-14,31222,笙泉二,議價,,,,,,,,,,,,
2026-05-14,31282,昇銳二,等價,,,,,,,,,98.80,98.70,108.55,88.85
2026-05-14,31282,昇銳二,議價,,,,,,,,,,,,
2026-05-14,31311,弘塑一,等價,170.00,,170.00,176.00,169.00,16,78,"13,331,000",170.91,170.00,187.00,153.00
2026-05-14,31311,弘塑一,議價,,,,,,,,,,,,
2026-05-14,31312,弘塑二,等價,184.00,+2.00,185.00,185.00,184.00,4,16,"2,947,000",184.18,184.00,202.00,166.00
2026-05-14,31312,弘塑二,議價,,,,,,,,,,,,
2026-05-14,31351,凌航一,等價,422.00,+23.00,418.00,422.00,418.00,2,3,"1,262,000",420.66,422.00,464.00,380.00
2026-05-14,31351,凌航一,議價,,,,,,,,,,,,
2026-05-14,31352,凌航二,等價,161.00,+6.00,161.00,162.00,154.00,136,386,"60,462,000",156.63,161.00,177.00,144.90
2026-05-14,31352,凌航二,議價,,,,,,,,,,,,
2026-05-14,31413,晶宏三,等價,100.00,,100.00,100.00,100.00,6,12,"1,200,000",100.00,100.00,110.00,90.00
2026-05-14,31413,晶宏三,議價,,,,,,,,,,,,
2026-05-14,31672,大量二,等價,,,,,,,,,416.00,416.00,457.00,375.00
2026-05-14,31672,大量二,議價,,,,,,,,,,,,
2026-05-14,31882,鑫龍騰二,等價,96.00,+0.35,96.00,96.00,96.00,1,1,"96,000",96.00,96.00,105.60,86.40
2026-05-14,31882,鑫龍騰二,議價,,,,,,,,,,,,
2026-05-14,32071,耀勝一,等價,,,,,,,,,101.00,100.00,110.00,90.00
2026-05-14,32071,耀勝一,議價,,,,,,,,,,,,
2026-05-14,32571,虹冠電一,等價,,,,,,,,,103.00,103.00,113.30,92.70
2026-05-14,32571,虹冠電一,議價,,,,,,,,,,,,
2026-05-14,32608,威剛八,等價,196.00,+5.00,195.00,197.00,190.00,85,372,"71,679,000",192.68,196.00,215.00,177.00
2026-05-14,32608,威剛八,議價,,,,,,,,,,,,
2026-05-14,32723,東碩三,等價,,,,,,,,,77.76,78.00,85.80,70.20
2026-05-14,32723,東碩三,議價,,,,,,,,,,,,
2026-05-14,32843,太普高三,等價,,,,,,,,,94.05,94.15,103.55,84.75
2026-05-14,32843,太普高三,議價,,,,,,,,,,,,
2026-05-14,33035,岱稜五,等價,,,,,,,,,103.50,102.55,112.80,92.30
2026-05-14,33035,岱稜五,議價,,,,,,,,,,,,
2026-05-14,33055,昇貿五,等價,,,,,,,,,169.00,173.00,190.00,156.00
2026-05-14,33055,昇貿五,議價,,,,,,,,,,,,
2026-05-14,33121,弘憶股一,等價,,,,,,,,,96.35,96.35,105.95,86.75
2026-05-14,33121,弘憶股一,議價,,,,,,,,,,,,
2026-05-14,33133,斐成三,等價,,,,,,,,,105.00,105.00,115.50,94.50
2026-05-14,33133,斐成三,議價,,,,,,,,,,,,
2026-05-14,33225,建舜電五,等價,96.25,-2.45,98.05,98.05,96.25,2,4,"388,600",97.15,96.25,105.85,86.65
2026-05-14,33225,建舜電五,議價,,,,,,,,,,,,
2026-05-14,33233,加百裕三,等價,100.30,-0.65,100.30,100.30,100.30,3,3,"300,900",100.30,100.30,110.30,90.30
2026-05-14,33233,加百裕三,議價,,,,,,,,,,,,
2026-05-14,33245,雙鴻五,等價,157.00,-3.00,165.00,165.00,157.00,6,10,"1,632,000",163.20,157.00,172.00,141.30
2026-05-14,33245,雙鴻五,議價,,,,,,,,,,,,
2026-05-14,33246,雙鴻六,等價,135.50,+0.10,137.50,139.00,135.50,7,21,"2,900,850",138.13,135.50,149.05,121.95
2026-05-14,33246,雙鴻六,議價,,,,,,,,,,,,
2026-05-14,33247,雙鴻七,等價,135.50,-1.50,137.00,137.05,135.00,30,91,"12,412,800",136.40,135.50,149.05,121.95
2026-05-14,33247,雙鴻七,議價,,,,,,,,,,,,
2026-05-14,33466,麗清六,等價,97.05,+0.45,96.30,97.05,96.05,5,9,"866,950",96.32,97.05,106.75,87.35
2026-05-14,33466,麗清六,議價,,,,,,,,,,,,
2026-05-14,33571,臺慶科一,等價,209.00,+15.00,205.00,213.00,205.00,113,239,"49,940,000",208.95,209.00,229.00,189.00
2026-05-14,33571,臺慶科一,議價,,,,,,,,,,,,
2026-05-14,33621,先進光一,等價,104.45,+1.45,104.40,104.75,103.10,24,122,"12,730,550",104.34,104.45,114.85,94.05
2026-05-14,33621,先進光一,議價,,,,,,,,,,,,
2026-05-14,33763,新日興三,等價,140.40,+1.40,139.00,140.40,138.00,10,10,"1,387,950",138.79,140.40,154.00,126.40
2026-05-14,33763,新日興三,議價,,,,,,,,,,,,
2026-05-14,33881,崇越電一,等價,168.00,-9.00,174.00,174.00,167.00,22,66,"11,125,000",168.56,168.00,184.00,152.00
2026-05-14,33881,崇越電一,議價,,,,,,,,,,,,
2026-05-14,33902,旭軟二,等價,138.00,+2.00,136.00,138.00,136.00,6,10,"1,364,000",136.40,138.00,151.00,124.20
2026-05-14,33902,旭軟二,議價,,,,,,,,,,,,
2026-05-14,34163,融程電三,等價,141.00,-1.45,141.95,143.00,141.00,17,38,"5,400,050",142.10,141.00,155.00,126.90
2026-05-14,34163,融程電三,議價,,,,,,,,,,,,
2026-05-14,34793,安勤三,等價,117.00,+3.60,113.45,117.45,113.45,45,84,"9,766,850",116.27,117.00,128.70,105.30
2026-05-14,34793,安勤三,議價,,,,,,,,,,,,
2026-05-14,34834,力致四,等價,,,,,,,,,108.50,108.60,119.45,97.75
2026-05-14,34834,力致四,議價,,,,,,,,,,,,
2026-05-14,34843,崧騰三,等價,,,,,,,,,116.00,113.20,124.50,101.90
2026-05-14,34843,崧騰三,議價,,,,,,,,,,,,
2026-05-14,35161,亞帝歐一,等價,129.50,+7.95,125.00,133.50,125.00,53,93,"12,171,300",130.87,129.50,142.45,116.55
2026-05-14,35161,亞帝歐一,議價,,,,,,,,,,,,
2026-05-14,35181,柏騰一,等價,,,,,,,,,122.09,122.95,135.20,110.70
2026-05-14,35181,柏騰一,議價,,,,,,,,,,,,
2026-05-14,35221,御嵿一,等價,,,,,,,,,100.32,100.35,110.35,90.35
2026-05-14,35221,御嵿一,議價,,,,,,,,,,,,
2026-05-14,35265,凡甲五,等價,246.00,-10.00,245.00,246.00,245.00,3,7,"1,720,000",245.71,246.00,270.00,222.00
2026-05-14,35265,凡甲五,議價,,,,,,,,,,,,
2026-05-14,35266,凡甲六,等價,200.00,-7.00,200.00,200.00,200.00,2,2,"400,000",200.00,200.00,220.00,180.00
2026-05-14,35266,凡甲六,議價,,,,,,,,,,,,
2026-05-14,35267,凡甲七,等價,150.00,-2.00,153.00,154.00,149.30,30,139,"21,154,300",152.18,150.00,165.00,135.00
2026-05-14,35267,凡甲七,議價,,,,,,,,,,,,
2026-05-14,35431,州巧一,等價,,,,,,,,,117.35,117.40,129.10,105.70
2026-05-14,35431,州巧一,議價,,,,,,,,,,,,
2026-05-14,35482,兆利二,等價,,,,,,,,,106.95,105.90,116.45,95.35
2026-05-14,35482,兆利二,議價,,,,,,,,,,,,
2026-05-14,35483,兆利三,等價,103.80,-0.10,104.50,104.80,103.50,23,37,"3,847,350",103.98,103.80,114.15,93.45
2026-05-14,35483,兆利三,議價,,,,,,,,,,,,
2026-05-14,35513,世禾三,等價,139.40,+1.40,138.00,140.00,138.00,8,21,"2,923,200",139.20,139.40,153.00,125.50
2026-05-14,35513,世禾三,議價,,,,,,,,,,,,
2026-05-14,35642,其陽二,等價,90.50,-2.00,90.55,90.55,90.30,26,41,"3,707,600",90.42,90.50,99.55,81.45
2026-05-14,35642,其陽二,議價,,,,,,,,,,,,
2026-05-14,35831,辛耘一,等價,270.00,-1.00,280.00,281.00,270.00,7,12,"3,304,000",275.33,270.00,297.00,243.00
2026-05-14,35831,辛耘一,議價,,,,,,,,,,,,
2026-05-14,35832,辛耘二,等價,282.00,-3.00,290.00,292.00,275.00,18,74,"21,038,000",284.29,282.00,310.00,254.00
2026-05-14,35832,辛耘二,議價,,,,,,,,,,,,
2026-05-14,35871,閎康一,等價,132.55,,132.55,132.55,132.55,6,7,"927,850",132.55,132.55,145.80,119.30
2026-05-14,35871,閎康一,議價,,,,,,,,,,,,
2026-05-14,35872,閎康二,等價,188.00,-12.00,201.00,201.00,185.00,49,81,"15,467,000",190.95,188.00,206.00,170.00
2026-05-14,35872,閎康二,議價,,,,,,,,,,,,
2026-05-14,35914,艾笛森四,等價,,,,,,,,,110.00,110.00,121.00,99.00
2026-05-14,35914,艾笛森四,議價,,,,,,,,,,,,
2026-05-14,36053,宏致三,等價,,,,,,,,,168.81,166.00,182.00,149.40
2026-05-14,36053,宏致三,議價,,,,,,,,,,,,
2026-05-14,36173,碩天三,等價,108.00,,108.00,108.70,108.00,14,53,"5,741,750",108.33,108.00,118.80,97.20
2026-05-14,36173,碩天三,議價,,,,,,,,,,,,
2026-05-14,36804,家登四,等價,166.00,-4.00,168.00,170.00,166.00,9,11,"1,846,000",167.81,166.00,182.00,149.40
2026-05-14,36804,家登四,議價,,,,,,,,,,,,
2026-05-14,36805,家登五,等價,147.60,+2.30,146.95,148.00,145.80,142,920,"134,916,700",146.64,147.60,162.00,132.85
2026-05-14,36805,家登五,議價,,,,,,,,,,,,
2026-05-14,36841,榮昌一,等價,,,,,,,,,126.43,126.50,139.15,113.85
2026-05-14,36841,榮昌一,議價,,,,,,,,,,,,
2026-05-14,36872,歐買尬二,等價,96.75,+1.50,94.30,96.75,94.05,10,15,"1,415,050",94.33,96.75,106.40,87.10
2026-05-14,36872,歐買尬二,議價,,,,,,,,,,,,
2026-05-14,36873,歐買尬三,等價,,,,,,,,,95.45,97.00,106.70,87.30
2026-05-14,36873,歐買尬三,議價,,,,,,,,,,,,
2026-05-14,36894,湧德四,等價,,,,,,,,,205.00,219.00,240.00,198.00
2026-05-14,36894,湧德四,議價,,,,,,,,,,,,
2026-05-14,36913,碩禾三,等價,125.00,-6.20,131.20,131.20,121.50,94,232,"29,024,400",125.10,125.00,137.50,112.50
2026-05-14,36913,碩禾三,議價,,,,,,,,,,,,
2026-05-14,37012,大眾控二,等價,100.00,-1.00,100.00,100.00,100.00,1,3,"300,000",100.00,100.00,110.00,90.00
2026-05-14,37012,大眾控二,議價,,,,,,,,,,,,
2026-05-14,370201,大聯大E1,等價,169.00,-6.00,172.00,173.00,167.00,40,111,"18,948,000",170.70,169.00,185.00,153.00
2026-05-14,370201,大聯大E1,議價,,,,,,,,,,,,
2026-05-14,37022,大聯大二,等價,144.75,,145.00,149.50,143.35,38,66,"9,641,300",146.08,144.75,159.00,130.30
2026-05-14,37022,大聯大二,議價,,,,,,,,,,,,
2026-05-14,37023,大聯大三,等價,148.30,-0.20,150.00,153.00,147.50,78,212,"31,831,350",150.14,148.30,163.00,133.50
2026-05-14,37023,大聯大三,議價,,,,,,,,,,,,
2026-05-14,37075,漢磊五,等價,198.00,+13.00,199.00,199.00,198.00,2,3,"596,000",198.66,198.00,217.00,179.00
2026-05-14,37075,漢磊五,議價,,,,,,,,,,,,
2026-05-14,37083,上緯投控三,等價,,,,,,,,,142.42,135.80,149.35,122.25
2026-05-14,37083,上緯投控三,議價,,,,,,,,,,,,
2026-05-14,37084,上緯投控四,等價,,,,,,,,,148.00,146.45,161.00,131.85
2026-05-14,37084,上緯投控四,議價,,,,,,,,,,,,
2026-05-14,37151,定穎投控一,等價,145.45,,145.45,145.45,145.45,3,42,"6,108,900",145.45,145.45,159.00,130.95
2026-05-14,37151,定穎投控一,議價,,,,,,,,,,,,
2026-05-14,37152,定穎投控二,等價,135.05,-1.85,137.25,137.25,135.05,3,9,"1,217,650",135.29,135.05,148.55,121.55
2026-05-14,37152,定穎投控二,議價,,,,,,,,,,,,
2026-05-14,37171,聯嘉投控一,等價,126.95,+0.10,127.50,129.50,126.95,10,26,"3,343,700",128.60,126.95,139.60,114.30
2026-05-14,37171,聯嘉投控一,議價,,,,,,,,,,,,
2026-05-14,41135,聯上五,等價,,,,,,,,,109.80,105.00,115.50,94.50
2026-05-14,41135,聯上五,議價,,,,,,,,,,,,
2026-05-14,41136,聯上六,等價,86.50,+0.60,86.50,86.50,86.50,1,5,"432,500",86.50,86.50,95.15,77.85
2026-05-14,41136,聯上六,議價,,,,,,,,,,,,
2026-05-14,41236,晟德六,等價,114.00,+1.60,115.00,115.00,113.00,19,85,"9,727,450",114.44,114.00,125.40,102.60
2026-05-14,41236,晟德六,議價,,,,,,,,,,,,
2026-05-14,41237,晟德七,等價,101.00,+1.25,100.00,101.85,99.95,26,65,"6,543,700",100.67,101.00,111.10,90.90
2026-05-14,41237,晟德七,議價,,,,,,,,,,,,
2026-05-14,41238,晟德八,等價,91.60,+0.40,91.20,92.60,90.50,216,795,"72,679,050",91.42,91.60,100.75,82.45
2026-05-14,41238,晟德八,議價,,,,,,,,,,,,
2026-05-14,41239,晟德九,等價,93.00,-7.00,91.90,94.40,91.60,120,543,"50,259,050",92.55,93.00,102.30,83.70
2026-05-14,41239,晟德九,議價,,,,,,,,,,,,
2026-05-14,41295,聯合五,等價,109.20,-0.85,109.20,109.20,109.20,1,1,"109,200",109.20,109.20,120.10,98.30
2026-05-14,41295,聯合五,議價,,,,,,,,,,,,
2026-05-14,41372,麗豐二KY,等價,,,,,,,,,99.45,99.90,109.85,89.95
2026-05-14,41372,麗豐二KY,議價,,,,,,,,,,,,
2026-05-14,41645,承業醫五,等價,,,,,,,,,101.05,101.05,111.15,90.95
2026-05-14,41645,承業醫五,議價,,,,,,,,,,,,
2026-05-14,41684,醣聯四,等價,111.70,+0.30,112.90,112.90,111.70,6,11,"1,231,150",111.92,111.70,122.85,100.55
2026-05-14,41684,醣聯四,議價,,,,,,,,,,,,
2026-05-14,41903,佐登三KY,等價,98.70,-0.05,98.70,98.70,98.70,3,6,"592,200",98.70,98.70,108.55,88.85
2026-05-14,41903,佐登三KY,議價,,,,,,,,,,,,
2026-05-14,44163,三圓三,等價,,,,,,,,,100.90,101.40,111.50,91.30
2026-05-14,44163,三圓三,議價,,,,,,,,,,,,
2026-05-14,44383,廣越三,等價,,,,,,,,,101.90,101.70,111.85,91.55
2026-05-14,44383,廣越三,議價,,,,,,,,,,,,
2026-05-14,44391,冠星一KY,等價,101.50,-0.30,101.50,101.50,101.50,1,2,"203,000",101.50,101.50,111.65,91.35
2026-05-14,44391,冠星一KY,議價,,,,,,,,,,,,
2026-05-14,44421,竣邦一KY,等價,,,,,,,,,123.00,118.00,129.80,106.20
2026-05-14,44421,竣邦一KY,議價,,,,,,,,,,,,
2026-05-14,45031,金雨一,等價,111.65,,111.65,111.75,111.60,37,395,"44,103,450",111.65,111.65,122.80,100.50
2026-05-14,45031,金雨一,議價,,,,,,,,,,,,
2026-05-14,45102,高鋒二,等價,104.00,,104.00,104.00,104.00,1,100,"10,400,000",104.00,104.00,114.40,93.60
2026-05-14,45102,高鋒二,議價,,,,,,,,,,,,
2026-05-14,45421,科嶠一,等價,,,,,,,,,246.00,246.00,270.00,222.00
2026-05-14,45421,科嶠一,議價,,,,,,,,,,,,
2026-05-14,45491,桓達一,等價,,,,,,,,,99.50,100.00,110.00,90.00
2026-05-14,45491,桓達一,議價,,,,,,,,,,,,
2026-05-14,45554,氣立四,等價,115.70,+0.10,115.65,115.75,115.65,8,16,"1,851,000",115.68,115.70,127.25,104.15
2026-05-14,45554,氣立四,議價,,,,,,,,,,,,
2026-05-14,45581,寶緯一,等價,101.20,+1.60,100.00,101.20,100.00,15,57,"5,726,600",100.46,101.20,111.30,91.10
2026-05-14,45581,寶緯一,議價,,,,,,,,,,,,
2026-05-14,45641,元翎一,等價,,,,,,,,,98.80,98.80,108.65,88.95
2026-05-14,45641,元翎一,議價,,,,,,,,,,,,
2026-05-14,45663,時碩工業三,等價,,,,,,,,,126.35,126.50,139.15,113.85
2026-05-14,45663,時碩工業三,議價,,,,,,,,,,,,
2026-05-14,45691,六方科一KY,等價,119.00,-3.00,123.00,123.00,119.00,5,29,"3,505,000",120.86,119.00,130.90,107.10
2026-05-14,45691,六方科一KY,議價,,,,,,,,,,,,
2026-05-14,45721,駐龍一,等價,104.75,+0.75,103.95,104.75,103.95,3,3,"312,700",104.23,104.75,115.20,94.30
2026-05-14,45721,駐龍一,議價,,,,,,,,,,,,
2026-05-14,45811,光隆精密一KY,等價,,,,,,,,,96.12,96.00,105.60,86.40
2026-05-14,45811,光隆精密一KY,議價,,,,,,,,,,,,
2026-05-14,47148,永捷八,等價,113.75,-0.95,114.10,114.30,113.75,41,110,"12,559,450",114.17,113.75,125.10,102.40
2026-05-14,47148,永捷八,議價,,,,,,,,,,,,
2026-05-14,47223,國精化三,等價,182.00,+2.00,180.00,182.00,176.00,15,23,"4,091,000",177.86,182.00,200.00,164.00
2026-05-14,47223,國精化三,議價,,,,,,,,,,,,
2026-05-14,47393,康普三,等價,120.95,+0.30,124.00,125.00,119.90,28,40,"4,878,900",121.97,120.95,133.00,108.90
2026-05-14,47393,康普三,議價,,,,,,,,,,,,
2026-05-14,47394,康普四,等價,157.00,,162.00,164.00,154.00,30,43,"6,764,000",157.30,157.00,172.00,141.30
2026-05-14,47394,康普四,議價,,,,,,,,,,,,
2026-05-14,47471,強生一,等價,,,,,,,,,103.40,103.00,113.30,92.70
2026-05-14,47471,強生一,議價,,,,,,,,,,,,
2026-05-14,47721,台特化一,等價,135.15,-0.85,136.15,136.15,135.05,19,29,"3,933,050",135.62,135.15,148.65,121.65
2026-05-14,47721,台特化一,議價,,,,,,,,,,,,
2026-05-14,49066,正文六,等價,147.00,+4.20,146.95,151.00,143.00,12,17,"2,519,100",148.18,147.00,161.00,132.30
2026-05-14,49066,正文六,議價,,,,,,,,,,,,
2026-05-14,49165,事欣科五,等價,,,,,,,,,158.00,158.00,173.00,142.20
2026-05-14,49165,事欣科五,議價,,,,,,,,,,,,
2026-05-14,49231,力士一,等價,109.65,+2.65,111.50,113.00,109.65,9,17,"1,899,400",111.72,109.65,120.60,98.70
2026-05-14,49231,力士一,議價,,,,,,,,,,,,
2026-05-14,49674,十銓四,等價,191.00,-1.00,196.00,199.00,191.00,103,287,"55,734,000",194.19,191.00,210.00,172.00
2026-05-14,49674,十銓四,議價,,,,,,,,,,,,
2026-05-14,49793,華星光三,等價,,,,,,,,,382.77,386.00,424.00,348.00
2026-05-14,49793,華星光三,議價,,,,,,,,,,,,
2026-05-14,49794,華星光四,等價,,,,,,,,,295.00,295.00,324.00,266.00
2026-05-14,49794,華星光四,議價,,,,,,,,,,,,
2026-05-14,50097,榮剛七,等價,100.55,+0.55,100.00,100.55,100.00,4,8,"800,550",100.06,100.55,110.60,90.50
2026-05-14,50097,榮剛七,議價,,,,,,,,,,,,
2026-05-14,52011,凱衛一,等價,,,,,,,,,108.00,108.00,118.80,97.20
2026-05-14,52011,凱衛一,議價,,,,,,,,,,,,
2026-05-14,52091,新鼎一,等價,,,,,,,,,106.50,109.90,120.85,98.95
2026-05-14,52091,新鼎一,議價,,,,,,,,,,,,
2026-05-14,52121,凌網一,等價,,,,,,,,,98.00,98.00,107.80,88.20
2026-05-14,52121,凌網一,議價,,,,,,,,,,,,
2026-05-14,52303,雷笛克光學三,等價,,,,,,,,,106.25,105.00,115.50,94.50
2026-05-14,52303,雷笛克光學三,議價,,,,,,,,,,,,
2026-05-14,52441,弘凱一,等價,,,,,,,,,103.60,102.00,112.20,91.80
2026-05-14,52441,弘凱一,議價,,,,,,,,,,,,
2026-05-14,52452,智晶二,等價,,,,,,,,,92.00,93.00,102.30,83.70
2026-05-14,52452,智晶二,議價,,,,,,,,,,,,
2026-05-14,52635,智崴五,等價,,,,,,,,,113.50,113.60,124.95,102.25
2026-05-14,52635,智崴五,議價,,,,,,,,,,,,
2026-05-14,52844,jpp四KY,等價,127.00,-4.60,130.05,131.00,126.00,32,75,"9,667,050",128.89,127.00,139.70,114.30
2026-05-14,52844,jpp四KY,議價,,,,,,,,,,,,
2026-05-14,52845,jpp五KY,等價,129.30,-6.80,135.15,135.25,128.00,100,225,"29,529,450",131.24,129.30,142.20,116.40
2026-05-14,52845,jpp五KY,議價,,,,,,,,,,,,
2026-05-14,53064,桂盟四,等價,100.30,-0.10,100.45,100.45,100.30,5,29,"2,912,450",100.42,100.30,110.30,90.30
2026-05-14,53064,桂盟四,議價,,,,,,,,,,,,
2026-05-14,53095,系統電五,等價,,,,,,,,,167.00,167.00,183.00,151.00
2026-05-14,53095,系統電五,議價,,,,,,,,,,,,
2026-05-14,53096,系統電六,等價,108.30,-6.70,115.00,115.00,108.30,2,33,"3,788,300",114.79,108.30,119.10,97.50
2026-05-14,53096,系統電六,議價,,,,,,,,,,,,
2026-05-14,53097,系統電七,等價,,,,,,,,,118.45,119.45,131.35,107.55
2026-05-14,53097,系統電七,議價,,,,,,,,,,,,
2026-05-14,53211,美而快一,等價,,,,,,,,,100.25,100.25,110.25,90.25
2026-05-14,53211,美而快一,議價,,,,,,,,,,,,
2026-05-14,53887,中磊七,等價,105.00,-0.35,104.80,105.20,104.50,32,68,"7,123,200",104.75,105.00,115.50,94.50
2026-05-14,53887,中磊七,議價,,,,,,,,,,,,
2026-05-14,54342,崇越二,等價,223.00,,223.00,223.00,223.00,2,3,"669,000",223.00,223.00,245.00,201.00
2026-05-14,54342,崇越二,議價,,,,,,,,,,,,
2026-05-14,54391,高技一,等價,147.80,+5.85,145.00,149.35,144.05,132,368,"54,267,850",147.46,147.80,162.00,133.05
2026-05-14,54391,高技一,議價,,,,,,,,,,,,
2026-05-14,54501,南良一,等價,,,,,,,,,101.56,101.70,111.85,91.55
2026-05-14,54501,南良一,議價,,,,,,,,,,,,
2026-05-14,54573,宣德三,等價,95.70,,95.20,95.70,95.10,5,15,"1,428,100",95.20,95.70,105.25,86.15
2026-05-14,54573,宣德三,議價,,,,,,,,,,,,
2026-05-14,55344,長虹四,等價,117.20,-0.60,117.15,117.20,117.15,4,20,"2,343,650",117.19,117.20,128.90,105.50
2026-05-14,55344,長虹四,議價,117.20,-0.60,,117.20,117.20,1,500,"58,600,000",,,,
2026-05-14,56086,四維航六,等價,,,,,,,,,99.10,99.30,109.20,89.40
2026-05-14,56086,四維航六,議價,,,,,,,,,,,,
2026-05-14,56087,四維航七,等價,105.90,-1.90,106.05,106.05,105.90,5,7,"741,700",105.95,105.90,116.45,95.35
2026-05-14,56087,四維航七,議價,,,,,,,,,,,,
2026-05-14,59055,南仁湖四,等價,,,,,,,,,99.95,99.95,109.90,90.00
2026-05-14,59055,南仁湖四,議價,,,,,,,,,,,,
2026-05-14,60151,宏遠證一,等價,108.50,-1.00,108.50,108.50,108.50,1,1,"108,500",108.50,108.50,119.35,97.65
2026-05-14,60151,宏遠證一,議價,,,,,,,,,,,,
2026-05-14,60152,宏遠證二,等價,,,,,,,,,169.00,169.00,185.00,153.00
2026-05-14,60152,宏遠證二,議價,,,,,,,,,,,,
2026-05-14,61011,寬魚國際一,等價,114.00,+4.20,115.00,115.00,114.00,6,6,"688,500",114.75,114.00,125.40,102.60
2026-05-14,61011,寬魚國際一,議價,,,,,,,,,,,,
2026-05-14,61012,寬魚國際二,等價,97.40,-0.60,98.50,98.50,97.40,6,6,"585,650",97.60,97.40,107.10,87.70
2026-05-14,61012,寬魚國際二,議價,,,,,,,,,,,,
2026-05-14,61041,創惟一,等價,,,,,,,,,114.49,114.15,125.55,102.75
2026-05-14,61041,創惟一,議價,,,,,,,,,,,,
2026-05-14,61112,光聚晶電二,等價,97.50,+0.15,97.40,97.50,97.40,2,2,"194,900",97.45,97.50,107.25,87.75
2026-05-14,61112,光聚晶電二,議價,,,,,,,,,,,,
2026-05-14,61171,迎廣一,等價,106.00,+2.10,106.00,106.00,106.00,1,1,"106,000",106.00,106.00,116.60,95.40
2026-05-14,61171,迎廣一,議價,,,,,,,,,,,,
2026-05-14,61172,迎廣二,等價,110.00,+1.00,108.70,110.00,108.00,9,19,"2,076,700",109.30,110.00,121.00,99.00
2026-05-14,61172,迎廣二,議價,,,,,,,,,,,,
2026-05-14,61255,廣運五,等價,,,,,,,,,100.00,100.15,110.15,90.15
2026-05-14,61255,廣運五,議價,,,,,,,,,,,,
2026-05-14,61263,信音三,等價,,,,,,,,,120.00,124.00,136.40,111.60
2026-05-14,61263,信音三,議價,,,,,,,,,,,,
2026-05-14,61506,撼訊六,等價,97.00,-2.15,98.55,98.85,97.00,23,27,"2,632,100",97.48,97.00,106.70,87.30
2026-05-14,61506,撼訊六,議價,,,,,,,,,,,,
2026-05-14,61565,松上五,等價,,,,,,,,,100.09,101.10,111.20,91.00
2026-05-14,61565,松上五,議價,,,,,,,,,,,,
2026-05-14,61635,華電網五,等價,,,,,,,,,262.00,262.00,288.00,236.00
2026-05-14,61635,華電網五,議價,,,,,,,,,,,,
2026-05-14,61777,達麗七,等價,,,,,,,,,115.00,115.00,126.50,103.50
2026-05-14,61777,達麗七,議價,,,,,,,,,,,,
2026-05-14,61793,亞通三,等價,,,,,,,,,100.00,100.00,110.00,90.00
2026-05-14,61793,亞通三,議價,,,,,,,,,,,,
2026-05-14,61794,亞通四,等價,101.00,,101.00,101.00,101.00,1,8,"808,000",101.00,101.00,111.10,90.90
2026-05-14,61794,亞通四,議價,,,,,,,,,,,,
2026-05-14,61827,合晶七,等價,,,,,,,,,108.00,108.00,118.80,97.20
2026-05-14,61827,合晶七,議價,,,,,,,,,,,,
2026-05-14,61828,合晶八,等價,170.00,+2.00,174.00,174.00,170.00,18,45,"7,668,000",170.40,170.00,187.00,153.00
2026-05-14,61828,合晶八,議價,,,,,,,,,,,,
2026-05-14,61843,大豐電三,等價,98.50,-0.30,98.50,98.50,98.50,1,1,"98,500",98.50,98.50,108.35,88.65
2026-05-14,61843,大豐電三,議價,,,,,,,,,,,,
2026-05-14,61875,萬潤五,等價,,,,,,,,,441.87,445.00,489.00,401.00
2026-05-14,61875,萬潤五,議價,,,,,,,,,,,,
2026-05-14,61894,豐藝四,等價,,,,,,,,,122.20,121.70,133.85,109.55
2026-05-14,61894,豐藝四,議價,,,,,,,,,,,,
2026-05-14,61907,萬泰科七,等價,192.00,+6.00,186.00,193.00,186.00,7,12,"2,281,000",190.08,192.00,211.00,173.00
2026-05-14,61907,萬泰科七,議價,,,,,,,,,,,,
2026-05-14,61973,佳必琪三,等價,150.00,-1.00,152.00,152.00,150.00,7,13,"1,963,000",151.00,150.00,165.00,135.00
2026-05-14,61973,佳必琪三,議價,,,,,,,,,,,,
2026-05-14,61993,天品三,等價,,,,,,,,,120.00,119.65,131.60,107.70
2026-05-14,61993,天品三,議價,,,,,,,,,,,,
2026-05-14,61994,天品四,等價,96.90,-0.75,97.50,97.50,96.90,12,18,"1,749,550",97.19,96.90,106.55,87.25
2026-05-14,61994,天品四,議價,,,,,,,,,,,,
2026-05-14,62075,雷科五,等價,137.50,+3.50,144.85,144.85,134.75,19,53,"7,252,850",136.84,137.50,151.00,123.75
2026-05-14,62075,雷科五,議價,,,,,,,,,,,,
2026-05-14,62076,雷科六,等價,141.00,+4.65,140.40,141.00,135.00,35,70,"9,764,250",139.48,141.00,155.00,126.90
2026-05-14,62076,雷科六,議價,,,,,,,,,,,,
2026-05-14,62093,今國光三,等價,174.00,+8.00,166.00,174.00,166.00,5,7,"1,210,000",172.85,174.00,191.00,157.00
2026-05-14,62093,今國光三,議價,,,,,,,,,,,,
2026-05-14,62194,富旺四,等價,,,,,,,,,103.00,103.00,113.30,92.70
2026-05-14,62194,富旺四,議價,,,,,,,,,,,,
2026-05-14,62433,迅杰三,等價,,,,,,,,,93.50,93.45,102.75,84.15
2026-05-14,62433,迅杰三,議價,,,,,,,,,,,,
2026-05-14,62695,台郡五,等價,104.80,,104.80,104.80,104.80,1,1,"104,800",104.80,104.80,115.25,94.35
2026-05-14,62695,台郡五,議價,,,,,,,,,,,,
2026-05-14,62696,台郡六,等價,,,,,,,,,102.33,101.95,112.10,91.80
2026-05-14,62696,台郡六,議價,,,,,,,,,,,,
2026-05-14,62745,台燿五,等價,372.00,-7.00,386.00,386.00,364.00,39,240,"91,693,000",382.05,372.00,409.00,335.00
2026-05-14,62745,台燿五,議價,,,,,,,,,,,,
2026-05-14,62756,元山六,等價,,,,,,,,,234.00,207.00,227.00,187.00
2026-05-14,62756,元山六,議價,,,,,,,,,,,,
2026-05-14,62822,康舒二,等價,116.80,-1.65,118.45,118.45,115.50,93,579,"67,482,050",116.54,116.80,128.45,105.15
2026-05-14,62822,康舒二,議價,,,,,,,,,,,,
2026-05-14,62843,佳邦三,等價,127.00,+2.20,128.00,128.00,124.85,23,26,"3,287,550",126.44,127.00,139.70,114.30
2026-05-14,62843,佳邦三,議價,,,,,,,,,,,,
2026-05-14,629010,良維十,等價,,,,,,,,,346.15,353.00,388.00,318.00
2026-05-14,629010,良維十,議價,,,,,,,,,,,,
2026-05-14,64145,樺漢五,等價,128.00,+0.50,128.95,129.95,127.35,127,296,"38,057,900",128.57,128.00,140.80,115.20
2026-05-14,64145,樺漢五,議價,,,,,,,,,,,,
2026-05-14,64251,易發一,等價,,,,,,,,,150.00,150.00,165.00,135.00
2026-05-14,64251,易發一,議價,,,,,,,,,,,,
2026-05-14,64324,今展科四,等價,147.10,+2.10,159.00,159.00,147.10,23,31,"4,696,500",151.50,147.10,161.00,132.40
2026-05-14,64324,今展科四,議價,,,,,,,,,,,,
2026-05-14,64422,光聖二,等價,170.00,+4.00,167.00,170.00,165.00,29,96,"16,218,000",168.93,170.00,187.00,153.00
2026-05-14,64422,光聖二,議價,,,,,,,,,,,,
2026-05-14,64423,光聖三,等價,176.00,+4.00,177.00,177.00,170.00,29,68,"11,813,000",173.72,176.00,193.00,159.00
2026-05-14,64423,光聖三,議價,,,,,,,,,,,,
2026-05-14,64512,訊芯二KY,等價,215.00,+19.00,197.00,215.00,197.00,127,316,"66,434,000",210.23,215.00,236.00,194.00
2026-05-14,64512,訊芯二KY,議價,,,,,,,,,,,,
2026-05-14,64693,大樹三,等價,101.10,+0.45,101.10,101.10,101.10,1,1,"101,100",101.10,101.10,111.20,91.00
2026-05-14,64693,大樹三,議價,,,,,,,,,,,,
2026-05-14,64724,保瑞四,等價,93.80,-10.40,103.00,103.00,93.80,59,208,"20,261,200",97.40,93.80,103.15,84.45
2026-05-14,64724,保瑞四,議價,,,,,,,,,,,,
2026-05-14,64725,保瑞五,等價,94.50,-10.50,103.00,103.00,94.50,89,375,"35,761,750",95.36,94.50,103.95,85.05
2026-05-14,64725,保瑞五,議價,,,,,,,,,,,,
2026-05-14,64773,安集三,等價,100.60,-0.40,100.60,100.60,100.60,5,9,"905,400",100.60,100.60,110.65,90.55
2026-05-14,64773,安集三,議價,,,,,,,,,,,,
2026-05-14,64774,安集四,等價,,,,,,,,,96.10,96.00,105.60,86.40
2026-05-14,64774,安集四,議價,,,,,,,,,,,,
2026-05-14,64775,安集五,等價,93.10,-0.40,93.05,93.10,93.05,5,10,"930,700",93.07,93.10,102.40,83.80
2026-05-14,64775,安集五,議價,,,,,,,,,,,,
2026-05-14,65096,聚和六,等價,127.10,+0.10,127.70,129.50,125.05,46,106,"13,581,600",128.12,127.10,139.80,114.40
2026-05-14,65096,聚和六,議價,,,,,,,,,,,,
2026-05-14,65101,精測一,等價,204.00,+18.00,190.00,204.00,190.00,143,299,"59,889,000",200.29,204.00,224.00,184.00
2026-05-14,65101,精測一,議價,,,,,,,,,,,,
2026-05-14,65152,穎崴二,等價,294.00,+13.00,281.00,301.00,278.00,157,389,"114,375,000",294.02,294.00,323.00,265.00
2026-05-14,65152,穎崴二,議價,,,,,,,,,,,,
2026-05-14,65331,晶心科一,等價,98.05,-0.10,98.05,98.05,98.00,5,21,"2,058,100",98.00,98.05,107.85,88.25
2026-05-14,65331,晶心科一,議價,,,,,,,,,,,,
2026-05-14,65381,倉和一,等價,96.00,+1.15,95.95,96.00,95.95,4,6,"575,950",95.99,96.00,105.60,86.40
2026-05-14,65381,倉和一,議價,,,,,,,,,,,,
2026-05-14,65461,正基一,等價,,,,,,,,,99.20,99.25,109.15,89.35
2026-05-14,65461,正基一,議價,,,,,,,,,,,,
2026-05-14,65472,高端疫苗二,等價,129.10,+0.90,126.10,129.75,126.00,24,35,"4,448,350",127.09,129.10,142.00,116.20
2026-05-14,65472,高端疫苗二,議價,,,,,,,,,,,,
2026-05-14,65521,易華電一,等價,,,,,,,,,102.00,101.80,111.95,91.65
2026-05-14,65521,易華電一,議價,,,,,,,,,,,,
2026-05-14,65761,逸達一,等價,117.50,+0.40,117.50,117.50,117.50,1,1,"117,500",117.50,117.50,129.25,105.75
2026-05-14,65761,逸達一,議價,,,,,,,,,,,,
2026-05-14,65841,南俊國際一,等價,372.00,-22.00,372.00,372.00,372.00,4,4,"1,488,000",372.00,372.00,409.00,335.00
2026-05-14,65841,南俊國際一,議價,,,,,,,,,,,,
2026-05-14,65842,南俊國際二,等價,,,,,,,,,364.00,371.00,408.00,334.00
2026-05-14,65842,南俊國際二,議價,,,,,,,,,,,,
2026-05-14,65851,鼎基一,等價,,,,,,,,,106.16,106.15,116.75,95.55
2026-05-14,65851,鼎基一,議價,,,,,,,,,,,,
2026-05-14,65852,鼎基二,等價,,,,,,,,,105.00,105.00,115.50,94.50
2026-05-14,65852,鼎基二,議價,,,,,,,,,,,,
2026-05-14,65914,動力四KY,等價,,,,,,,,,95.68,95.50,105.05,85.95
2026-05-14,65914,動力四KY,議價,,,,,,,,,,,,
2026-05-14,66034,富強鑫四,等價,110.80,-0.10,110.80,110.80,110.80,1,50,"5,540,000",110.80,110.80,121.85,99.75
2026-05-14,66034,富強鑫四,議價,,,,,,,,,,,,
2026-05-14,66163,特昇三KY,等價,97.50,+0.10,98.35,98.35,97.50,2,3,"293,350",97.78,97.50,107.25,87.75
2026-05-14,66163,特昇三KY,議價,,,,,,,,,,,,
2026-05-14,66241,萬年清一,等價,,,,,,,,,140.00,140.00,154.00,126.00
2026-05-14,66241,萬年清一,議價,,,,,,,,,,,,
2026-05-14,66292,泰金二KY,等價,106.85,+2.65,105.35,106.95,105.35,34,81,"8,626,100",106.49,106.85,117.50,96.20
2026-05-14,66292,泰金二KY,議價,,,,,,,,,,,,
2026-05-14,66411,基士德一KY,等價,,,,,,,,,100.00,100.00,110.00,90.00
2026-05-14,66411,基士德一KY,議價,,,,,,,,,,,,
2026-05-14,66451,金萬林一創,等價,,,,,,,,,102.95,102.95,113.20,92.70
2026-05-14,66451,金萬林一創,議價,,,,,,,,,,,,
2026-05-14,66642,群翊二,等價,161.00,-6.00,164.00,164.00,161.00,16,29,"4,719,000",162.72,161.00,177.00,144.90
2026-05-14,66642,群翊二,議價,,,,,,,,,,,,
2026-05-14,66702,復盛應用二,等價,122.25,-1.65,123.90,124.65,122.10,47,88,"10,829,300",123.06,122.25,134.45,110.05
2026-05-14,66702,復盛應用二,議價,,,,,,,,,,,,
2026-05-14,66721,騰輝電子一KY,等價,,,,,,,,,210.29,210.00,231.00,189.00
2026-05-14,66721,騰輝電子一KY,議價,,,,,,,,,,,,
2026-05-14,66722,騰輝電子二KY,等價,214.00,-3.00,216.00,216.00,214.00,2,15,"3,220,000",214.66,214.00,235.00,193.00
2026-05-14,66722,騰輝電子二KY,議價,,,,,,,,,,,,
2026-05-14,66801,鑫創電子一,等價,,,,,,,,,107.50,101.95,112.10,91.80
2026-05-14,66801,鑫創電子一,議價,,,,,,,,,,,,
2026-05-14,67062,惠特二,等價,,,,,,,,,111.58,110.30,121.30,99.30
2026-05-14,67062,惠特二,議價,,,,,,,,,,,,
2026-05-14,67152,嘉基二,等價,,,,,,,,,310.00,310.00,341.00,279.00
2026-05-14,67152,嘉基二,議價,,,,,,,,,,,,
2026-05-14,67531,龍德造船一,等價,118.90,-0.10,118.00,118.90,118.00,5,6,"712,500",118.75,118.90,130.75,107.05
2026-05-14,67531,龍德造船一,議價,,,,,,,,,,,,
2026-05-14,67681,志強一KY,等價,,,,,,,,,106.79,106.80,117.45,96.15
2026-05-14,67681,志強一KY,議價,,,,,,,,,,,,
2026-05-14,67711,平和環保一創,等價,102.20,-0.90,102.85,102.85,102.20,3,34,"3,494,100",102.76,102.20,112.40,92.00
2026-05-14,67711,平和環保一創,議價,,,,,,,,,,,,
2026-05-14,67961,晉弘一,等價,,,,,,,,,97.60,97.70,107.45,87.95
2026-05-14,67961,晉弘一,議價,,,,,,,,,,,,
2026-05-14,67962,晉弘二,等價,,,,,,,,,88.64,88.40,97.20,79.60
2026-05-14,67962,晉弘二,議價,,,,,,,,,,,,
2026-05-14,68041,明係一,等價,,,,,,,,,99.15,99.40,109.30,89.50
2026-05-14,68041,明係一,議價,,,,,,,,,,,,
2026-05-14,68061,森崴能源一,等價,96.50,-1.00,94.00,96.50,94.00,22,63,"6,040,400",95.87,96.50,106.15,86.85
2026-05-14,68061,森崴能源一,議價,,,,,,,,,,,,
2026-05-14,68211,聯寶一,等價,119.50,-0.35,119.50,119.50,119.50,1,1,"119,500",119.50,119.50,131.45,107.55
2026-05-14,68211,聯寶一,議價,,,,,,,,,,,,
2026-05-14,68231,濾能一,等價,,,,,,,,,101.60,108.55,119.40,97.70
2026-05-14,68231,濾能一,議價,,,,,,,,,,,,
2026-05-14,68301,汎銓一,等價,477.00,-12.00,470.00,480.00,468.00,28,76,"36,012,000",473.84,477.00,524.00,430.00
2026-05-14,68301,汎銓一,議價,,,,,,,,,,,,
2026-05-14,68351,圓裕一,等價,,,,,,,,,98.32,98.10,107.90,88.30
2026-05-14,68351,圓裕一,議價,,,,,,,,,,,,
2026-05-14,68401,東研信超一,等價,102.00,-0.10,102.00,102.00,102.00,1,1,"102,000",102.00,102.00,112.20,91.80
2026-05-14,68401,東研信超一,議價,,,,,,,,,,,,
2026-05-14,68431,進典一,等價,,,,,,,,,104.46,103.00,113.30,92.70
2026-05-14,68431,進典一,議價,,,,,,,,,,,,
2026-05-14,68461,綠茵一,等價,,,,,,,,,97.10,97.20,106.90,87.50
2026-05-14,68461,綠茵一,議價,,,,,,,,,,,,
2026-05-14,68462,綠茵二,等價,,,,,,,,,102.00,101.65,111.80,91.50
2026-05-14,68462,綠茵二,議價,,,,,,,,,,,,
2026-05-14,68541,錼創科技一KY創,等價,,,,,,,,,108.51,108.50,119.35,97.65
2026-05-14,68541,錼創科技一KY創,議價,,,,,,,,,,,,
2026-05-14,68621,三集瑞一KY,等價,104.15,+0.15,104.00,107.50,104.00,12,76,"7,996,200",105.21,104.15,114.55,93.75
2026-05-14,68621,三集瑞一KY,議價,,,,,,,,,,,,
2026-05-14,68631,永道一KY,等價,91.85,-1.85,90.70,91.85,90.70,4,4,"365,050",91.26,91.85,101.00,82.70
2026-05-14,68631,永道一KY,議價,,,,,,,,,,,,
2026-05-14,68701,騰雲一,等價,,,,,,,,,105.30,104.50,114.95,94.05
2026-05-14,68701,騰雲一,議價,,,,,,,,,,,,
2026-05-14,68702,騰雲二,等價,,,,,,,,,102.00,102.00,112.20,91.80
2026-05-14,68702,騰雲二,議價,,,,,,,,,,,,
2026-05-14,68731,泓德能源一,等價,,,,,,,,,125.05,137.55,151.00,123.80
2026-05-14,68731,泓德能源一,議價,,,,,,,,,,,,
2026-05-14,68732,泓德能源二,等價,82.25,+0.45,83.15,83.15,80.10,19,35,"2,851,550",81.47,82.25,90.45,74.05
2026-05-14,68732,泓德能源二,議價,,,,,,,,,,,,
2026-05-14,68741,倍力一,等價,,,,,,,,,108.00,107.95,118.70,97.20
2026-05-14,68741,倍力一,議價,,,,,,,,,,,,
2026-05-14,68901,來億一KY,等價,,,,,,,,,88.53,90.60,99.65,81.55
2026-05-14,68901,來億一KY,議價,,,,,,,,,,,,
2026-05-14,68902,來億二KY,等價,,,,,,,,,91.26,91.85,101.00,82.70
2026-05-14,68902,來億二KY,議價,,,,,,,,,,,,
2026-05-14,68941,衛司特一,等價,152.00,+2.00,152.00,152.00,150.00,4,4,"604,000",151.00,152.00,167.00,136.80
2026-05-14,68941,衛司特一,議價,,,,,,,,,,,,
2026-05-14,69041,伯鑫一,等價,,,,,,,,,100.60,100.60,110.65,90.55
2026-05-14,69041,伯鑫一,議價,,,,,,,,,,,,
2026-05-14,69131,鴻呈一,等價,135.00,-3.00,135.00,135.00,135.00,2,10,"1,350,000",135.00,135.00,148.50,121.50
2026-05-14,69131,鴻呈一,議價,,,,,,,,,,,,
2026-05-14,69571,裕慶一KY,等價,103.95,+3.95,103.95,103.95,103.95,2,2,"207,900",103.95,103.95,114.30,93.60
2026-05-14,69571,裕慶一KY,議價,,,,,,,,,,,,
2026-05-14,69821,大井泵浦一,等價,,,,,,,,,93.55,93.55,102.90,84.20
2026-05-14,69821,大井泵浦一,議價,,,,,,,,,,,,
2026-05-14,69822,大井泵浦二,等價,,,,,,,,,94.00,94.00,103.40,84.60
2026-05-14,69822,大井泵浦二,議價,,,,,,,,,,,,
2026-05-14,74022,邑錡二,等價,126.00,-4.75,128.05,128.05,126.00,9,45,"5,734,100",127.42,126.00,138.60,113.40
2026-05-14,74022,邑錡二,議價,,,,,,,,,,,,
2026-05-14,75561,意德士一永,等價,,,,,,,,,167.79,160.00,176.00,144.00
2026-05-14,75561,意德士一永,議價,,,,,,,,,,,,
2026-05-14,75562,意德士二,等價,149.00,+3.95,148.85,149.00,148.85,2,2,"297,850",148.92,149.00,163.00,134.10
2026-05-14,75562,意德士二,議價,,,,,,,,,,,,
2026-05-14,77131,威力德生醫一,等價,,,,,,,,,103.46,103.20,113.50,92.90
2026-05-14,77131,威力德生醫一,議價,,,,,,,,,,,,
2026-05-14,80212,尖點二,等價,244.00,+22.00,239.00,244.00,239.00,84,150,"36,253,000",241.68,244.00,268.00,220.00
2026-05-14,80212,尖點二,議價,,,,,,,,,,,,
2026-05-14,80273,鈦昇三,等價,,,,,,,,,348.00,382.00,420.00,344.00
2026-05-14,80273,鈦昇三,議價,,,,,,,,,,,,
2026-05-14,80282,昇陽半導體二,等價,187.00,+16.00,182.00,188.00,182.00,73,221,"41,017,000",185.59,187.00,205.00,169.00
2026-05-14,80282,昇陽半導體二,議價,,,,,,,,,,,,
2026-05-14,80426,金山電六,等價,190.00,+17.00,190.00,190.00,190.00,13,27,"5,130,000",190.00,190.00,209.00,171.00
2026-05-14,80426,金山電六,議價,,,,,,,,,,,,
2026-05-14,80506,廣積六,等價,107.45,+0.95,107.00,108.00,107.00,6,6,"644,550",107.42,107.45,118.15,96.75
2026-05-14,80506,廣積六,議價,,,,,,,,,,,,
2026-05-14,80746,鉅橡六,等價,128.00,+0.75,134.00,134.00,128.00,121,369,"48,370,500",131.08,128.00,140.80,115.20
2026-05-14,80746,鉅橡六,議價,,,,,,,,,,,,
2026-05-14,80872,麗升能源二,等價,94.50,+0.50,94.60,94.60,94.00,16,25,"2,356,300",94.25,94.50,103.95,85.05
2026-05-14,80872,麗升能源二,議價,,,,,,,,,,,,
2026-05-14,80914,翔名四,等價,169.00,+15.00,157.00,169.00,152.00,49,174,"28,725,000",165.08,169.00,185.00,153.00
2026-05-14,80914,翔名四,議價,,,,,,,,,,,,
2026-05-14,80924,建暐四,等價,,,,,,,,,128.00,128.00,140.80,115.20
2026-05-14,80924,建暐四,議價,,,,,,,,,,,,
2026-05-14,81042,錸寶二,等價,,,,,,,,,95.80,96.00,105.60,86.40
2026-05-14,81042,錸寶二,議價,,,,,,,,,,,,
2026-05-14,81114,立�皏|,等價,132.00,+2.90,129.95,134.00,129.50,51,73,"9,585,100",131.30,132.00,145.20,118.80
2026-05-14,81114,立�皏|,議價,,,,,,,,,,,,
2026-05-14,811210,至上十,等價,121.75,+1.90,121.00,121.75,119.45,32,102,"12,273,250",120.32,121.75,133.90,109.60
2026-05-14,811210,至上十,議價,,,,,,,,,,,,
2026-05-14,81473,正淩三,等價,148.00,+7.00,145.25,150.00,145.25,14,23,"3,409,450",148.23,148.00,162.00,133.20
2026-05-14,81473,正淩三,議價,,,,,,,,,,,,
2026-05-14,81551,博智一,等價,,,,,,,,,345.80,348.00,382.00,314.00
2026-05-14,81551,博智一,議價,,,,,,,,,,,,
2026-05-14,81714,天宇四,等價,,,,,,,,,103.00,103.00,113.30,92.70
2026-05-14,81714,天宇四,議價,,,,,,,,,,,,
2026-05-14,81715,天宇五,等價,94.50,+0.50,94.50,94.50,94.50,1,5,"472,500",94.50,94.50,103.95,85.05
2026-05-14,81715,天宇五,議價,,,,,,,,,,,,
2026-05-14,82102,勤誠二,等價,165.00,-1.00,165.00,166.00,165.00,24,41,"6,775,000",165.24,165.00,181.00,148.50
2026-05-14,82102,勤誠二,議價,,,,,,,,,,,,
2026-05-14,82103,勤誠三,等價,166.00,-2.00,168.00,168.00,165.00,23,37,"6,136,000",165.83,166.00,182.00,149.40
2026-05-14,82103,勤誠三,議價,,,,,,,,,,,,
2026-05-14,82551,朋程一,等價,104.00,-0.35,104.00,104.00,104.00,5,12,"1,248,000",104.00,104.00,114.40,93.60
2026-05-14,82551,朋程一,議價,,,,,,,,,,,,
2026-05-14,82711,宇瞻一,等價,163.00,+8.00,158.00,165.00,158.00,104,171,"27,650,000",161.69,163.00,179.00,146.70
2026-05-14,82711,宇瞻一,議價,,,,,,,,,,,,
2026-05-14,82993,群聯三,等價,168.00,+9.00,166.00,171.00,162.00,421,923,"154,023,000",166.87,168.00,184.00,152.00
2026-05-14,82993,群聯三,議價,,,,,,,,,,,,
2026-05-14,83742,羅昇二,等價,96.00,+1.20,95.00,96.00,95.00,9,14,"1,339,150",95.65,96.00,105.60,86.40
2026-05-14,83742,羅昇二,議價,,,,,,,,,,,,
2026-05-14,84041,百和興業一KY,等價,104.95,+3.05,104.95,104.95,104.95,1,1,"104,950",104.95,104.95,115.40,94.50
2026-05-14,84041,百和興業一KY,議價,,,,,,,,,,,,
2026-05-14,84113,福貞三KY,等價,100.30,+0.20,100.30,100.30,100.30,1,10,"1,003,000",100.30,100.30,110.30,90.30
2026-05-14,84113,福貞三KY,議價,,,,,,,,,,,,
2026-05-14,84221,可寧衛一,等價,,,,,,,,,238.00,211.00,232.00,190.00
2026-05-14,84221,可寧衛一,議價,,,,,,,,,,,,
2026-05-14,84222,可寧衛二,等價,,,,,,,,,145.02,143.75,158.00,129.40
2026-05-14,84222,可寧衛二,議價,,,,,,,,,,,,
2026-05-14,84312,匯鑽科二,等價,,,,,,,,,100.18,100.50,110.55,90.45
2026-05-14,84312,匯鑽科二,議價,,,,,,,,,,,,
2026-05-14,84332,弘帆二,等價,,,,,,,,,99.60,99.60,109.55,89.65
2026-05-14,84332,弘帆二,議價,,,,,,,,,,,,
2026-05-14,84333,弘帆三,等價,,,,,,,,,100.00,100.00,110.00,90.00
2026-05-14,84333,弘帆三,議價,,,,,,,,,,,,
2026-05-14,84422,威宏二KY,等價,99.55,-0.75,99.55,99.55,99.55,2,2,"199,100",99.55,99.55,109.50,89.60
2026-05-14,84422,威宏二KY,議價,,,,,,,,,,,,
2026-05-14,84624,柏文四,等價,108.00,,107.90,108.00,107.75,9,99,"10,689,900",107.97,108.00,118.80,97.20
2026-05-14,84624,柏文四,議價,,,,,,,,,,,,
2026-05-14,84662,美吉吉二KY,等價,,,,,,,,,98.20,98.35,108.15,88.55
2026-05-14,84662,美吉吉二KY,議價,,,,,,,,,,,,
2026-05-14,84672,波力二KY,等價,,,,,,,,,107.95,107.50,118.25,96.75
2026-05-14,84672,波力二KY,議價,,,,,,,,,,,,
2026-05-14,84673,波力三KY,等價,,,,,,,,,103.65,103.65,114.00,93.30
2026-05-14,84673,波力三KY,議價,,,,,,,,,,,,
2026-05-14,84732,山林水二,等價,,,,,,,,,105.55,105.50,116.05,94.95
2026-05-14,84732,山林水二,議價,,,,,,,,,,,,
2026-05-14,84762,台境二,等價,,,,,,,,,99.95,99.00,108.90,89.10
2026-05-14,84762,台境二,議價,,,,,,,,,,,,
2026-05-14,84781,東哥遊艇一,等價,,,,,,,,,94.00,94.00,103.40,84.60
2026-05-14,84781,東哥遊艇一,議價,,,,,,,,,,,,
2026-05-14,84881,吉源一KY,等價,,,,,,,,,99.80,99.70,109.65,89.75
2026-05-14,84881,吉源一KY,議價,,,,,,,,,,,,
2026-05-14,84891,三貝德一,等價,,,,,,,,,115.00,115.00,126.50,103.50
2026-05-14,84891,三貝德一,議價,,,,,,,,,,,,
2026-05-14,89277,北基七,等價,,,,,,,,,100.75,100.75,110.80,90.70
2026-05-14,89277,北基七,議價,,,,,,,,,,,,
2026-05-14,89278,北基八,等價,99.10,+0.05,99.10,99.10,99.10,1,1,"99,100",99.10,99.10,109.00,89.20
2026-05-14,89278,北基八,議價,,,,,,,,,,,,
2026-05-14,89964,高力四,等價,,,,,,,,,489.00,489.00,537.00,441.00
2026-05-14,89964,高力四,議價,,,,,,,,,,,,
2026-05-14,98026,鈺齊六KY,等價,,,,,,,,,106.50,106.30,116.90,95.70
2026-05-14,98026,鈺齊六KY,議價,,,,,,,,,,,,
2026-05-14,99063,欣巴巴三,等價,94.40,-0.05,94.50,94.50,94.40,14,18,"1,699,400",94.41,94.40,103.80,85.00
2026-05-14,99063,欣巴巴三,議價,,,,,,,,,,,,
2026-05-14,99332,中鼎二,等價,96.95,+0.05,97.00,97.00,96.70,12,29,"2,808,050",96.82,96.95,106.60,87.30
2026-05-14,99332,中鼎二,議價,,,,,,,,,,,,
2026-05-14,99353,慶豐富三,等價,96.95,+0.15,96.95,96.95,96.95,1,1,"96,950",96.95,96.95,106.60,87.30
2026-05-14,99353,慶豐富三,議價,,,,,,,,,,,,
2026-05-14,99392,宏全二,等價,104.35,+0.35,104.00,104.65,104.00,20,61,"6,349,800",104.09,104.35,114.75,93.95
2026-05-14,99392,宏全二,議價,,,,,,,,,,,,
2026-05-14,99412,裕融二,等價,,,,,,,,,97.60,97.60,107.35,87.85
2026-05-14,99412,裕融二,議價,,,,,,,,,,,,
2026-05-14,99587,世紀鋼七,等價,97.55,+0.50,97.05,97.55,97.05,11,21,"2,038,550",97.07,97.55,107.30,87.80
2026-05-14,99587,世紀鋼七,議價,,,,,,,,,,,,
2026-05-14,99588,世紀鋼八永,等價,97.30,,96.75,97.30,96.75,5,7,"678,450",96.92,97.30,107.00,87.60
2026-05-14,99588,世紀鋼八永,議價,,,,,,,,,,,,
2026-05-14,合計,,,,,,,,"5,582","16,811","2,573,801,700",,,,
